raceId,year,round,circuitId,driverId,constructorId,position,points
2023_1,2023,1,bahrain,VER,red_bull,1,25
2023_1,2023,1,bahrain,PER,red_bull,2,18
2023_1,2023,1,bahrain,ALO,aston_martin,3,15
2023_1,2023,1,bahrain,SAI,ferrari,4,12
2023_1,2023,1,bahrain,HAM,mercedes,5,10
2023_1,2023,1,bahrain,STR,aston_martin,6,8
2023_1,2023,1,bahrain,RUS,mercedes,7,6
2023_1,2023,1,bahrain,BOT,alfa,8,4
2023_1,2023,1,bahrain,GAS,alpine,9,2
2023_1,2023,1,bahrain,ALB,williams,10,1
2023_1,2023,1,bahrain,TSU,alphatauri,11,0
2023_1,2023,1,bahrain,SAR,williams,12,0
2023_1,2023,1,bahrain,MAG,haas,13,0
2023_1,2023,1,bahrain,DEV,alphatauri,14,0
2023_1,2023,1,bahrain,HUL,haas,15,0
2023_1,2023,1,bahrain,ZHO,alfa,16,0
2023_1,2023,1,bahrain,NOR,mclaren,17,0
2023_1,2023,1,bahrain,OCO,alpine,18,0
2023_1,2023,1,bahrain,LEC,ferrari,19,0
2023_1,2023,1,bahrain,PIA,mclaren,20,0
2023_2,2023,2,jeddah,PER,red_bull,1,25
2023_2,2023,2,jeddah,VER,red_bull,2,19
2023_2,2023,2,jeddah,ALO,aston_martin,3,15
2023_2,2023,2,jeddah,RUS,mercedes,4,12
2023_2,2023,2,jeddah,HAM,mercedes,5,10
2023_2,2023,2,jeddah,SAI,ferrari,6,8
2023_2,2023,2,jeddah,LEC,ferrari,7,6
2023_2,2023,2,jeddah,OCO,alpine,8,4
2023_2,2023,2,jeddah,GAS,alpine,9,2
2023_2,2023,2,jeddah,MAG,haas,10,1
2023_2,2023,2,jeddah,TSU,alphatauri,11,0
2023_2,2023,2,jeddah,HUL,haas,12,0
2023_2,2023,2,jeddah,ZHO,alfa,13,0
2023_2,2023,2,jeddah,DEV,alphatauri,14,0
2023_2,2023,2,jeddah,PIA,mclaren,15,0
2023_2,2023,2,jeddah,SAR,williams,16,0
2023_2,2023,2,jeddah,NOR,mclaren,17,0
2023_2,2023,2,jeddah,BOT,alfa,18,0
2023_2,2023,2,jeddah,ALB,williams,19,0
2023_2,2023,2,jeddah,STR,aston_martin,20,0
2023_3,2023,3,albert_park,VER,red_bull,1,25
2023_3,2023,3,albert_park,HAM,mercedes,2,18
2023_3,2023,3,albert_park,ALO,aston_martin,3,15
2023_3,2023,3,albert_park,STR,aston_martin,4,12
2023_3,2023,3,albert_park,PER,red_bull,5,11
2023_3,2023,3,albert_park,NOR,mclaren,6,8
2023_3,2023,3,albert_park,HUL,haas,7,6
2023_3,2023,3,albert_park,PIA,mclaren,8,4
2023_3,2023,3,albert_park,ZHO,alfa,9,2
2023_3,2023,3,albert_park,TSU,alphatauri,10,1
2023_3,2023,3,albert_park,BOT,alfa,11,0
2023_3,2023,3,albert_park,SAI,ferrari,12,0
2023_3,2023,3,albert_park,GAS,alpine,13,0
2023_3,2023,3,albert_park,OCO,alpine,14,0
2023_3,2023,3,albert_park,DEV,alphatauri,15,0
2023_3,2023,3,albert_park,SAR,williams,16,0
2023_3,2023,3,albert_park,MAG,haas,17,0
2023_3,2023,3,albert_park,RUS,mercedes,18,0
2023_3,2023,3,albert_park,ALB,williams,19,0
2023_3,2023,3,albert_park,LEC,ferrari,20,0
2023_4,2023,4,baku,PER,red_bull,1,25
2023_4,2023,4,baku,VER,red_bull,2,18
2023_4,2023,4,baku,LEC,ferrari,3,15
2023_4,2023,4,baku,ALO,aston_martin,4,12
2023_4,2023,4,baku,SAI,ferrari,5,10
2023_4,2023,4,baku,HAM,mercedes,6,8
2023_4,2023,4,baku,STR,aston_martin,7,6
2023_4,2023,4,baku,RUS,mercedes,8,5
2023_4,2023,4,baku,NOR,mclaren,9,2
2023_4,2023,4,baku,TSU,alphatauri,10,1
2023_4,2023,4,baku,PIA,mclaren,11,0
2023_4,2023,4,baku,ALB,williams,12,0
2023_4,2023,4,baku,MAG,haas,13,0
2023_4,2023,4,baku,GAS,alpine,14,0
2023_4,2023,4,baku,OCO,alpine,15,0
2023_4,2023,4,baku,SAR,williams,16,0
2023_4,2023,4,baku,HUL,haas,17,0
2023_4,2023,4,baku,BOT,alfa,18,0
2023_4,2023,4,baku,ZHO,alfa,19,0
2023_4,2023,4,baku,DEV,alphatauri,20,0
2023_5,2023,5,miami,VER,red_bull,1,26
2023_5,2023,5,miami,PER,red_bull,2,18
2023_5,2023,5,miami,ALO,aston_martin,3,15
2023_5,2023,5,miami,RUS,mercedes,4,12
2023_5,2023,5,miami,SAI,ferrari,5,10
2023_5,2023,5,miami,HAM,mercedes,6,8
2023_5,2023,5,miami,LEC,ferrari,7,6
2023_5,2023,5,miami,GAS,alpine,8,4
2023_5,2023,5,miami,OCO,alpine,9,2
2023_5,2023,5,miami,MAG,haas,10,1
2023_5,2023,5,miami,TSU,alphatauri,11,0
2023_5,2023,5,miami,STR,aston_martin,12,0
2023_5,2023,5,miami,BOT,alfa,13,0
2023_5,2023,5,miami,ALB,williams,14,0
2023_5,2023,5,miami,HUL,haas,15,0
2023_5,2023,5,miami,ZHO,alfa,16,0
2023_5,2023,5,miami,NOR,mclaren,17,0
2023_5,2023,5,miami,DEV,alphatauri,18,0
2023_5,2023,5,miami,PIA,mclaren,19,0
2023_5,2023,5,miami,SAR,williams,20,0
2023_6,2023,6,monaco,VER,red_bull,1,25
2023_6,2023,6,monaco,ALO,aston_martin,2,18
2023_6,2023,6,monaco,OCO,alpine,3,15
2023_6,2023,6,monaco,HAM,mercedes,4,13
2023_6,2023,6,monaco,RUS,mercedes,5,10
2023_6,2023,6,monaco,LEC,ferrari,6,8
2023_6,2023,6,monaco,GAS,alpine,7,6
2023_6,2023,6,monaco,SAI,ferrari,8,4
2023_6,2023,6,monaco,NOR,mclaren,9,2
2023_6,2023,6,monaco,PIA,mclaren,10,1
2023_6,2023,6,monaco,BOT,alfa,11,0
2023_6,2023,6,monaco,DEV,alphatauri,12,0
2023_6,2023,6,monaco,ZHO,alfa,13,0
2023_6,2023,6,monaco,ALB,williams,14,0
2023_6,2023,6,monaco,TSU,alphatauri,15,0
2023_6,2023,6,monaco,PER,red_bull,16,0
2023_6,2023,6,monaco,HUL,haas,17,0
2023_6,2023,6,monaco,SAR,williams,18,0
2023_6,2023,6,monaco,MAG,haas,19,0
2023_6,2023,6,monaco,STR,aston_martin,20,0
2023_7,2023,7,catalunya,VER,red_bull,1,26
2023_7,2023,7,catalunya,HAM,mercedes,2,18
2023_7,2023,7,catalunya,RUS,mercedes,3,15
2023_7,2023,7,catalunya,PER,red_bull,4,12
2023_7,2023,7,catalunya,SAI,ferrari,5,10
2023_7,2023,7,catalunya,STR,aston_martin,6,8
2023_7,2023,7,catalunya,ALO,aston_martin,7,6
2023_7,2023,7,catalunya,OCO,alpine,8,4
2023_7,2023,7,catalunya,ZHO,alfa,9,2
2023_7,2023,7,catalunya,GAS,alpine,10,1
2023_7,2023,7,catalunya,LEC,ferrari,11,0
2023_7,2023,7,catalunya,TSU,alphatauri,12,0
2023_7,2023,7,catalunya,PIA,mclaren,13,0
2023_7,2023,7,catalunya,DEV,alphatauri,14,0
2023_7,2023,7,catalunya,HUL,haas,15,0
2023_7,2023,7,catalunya,ALB,williams,16,0
2023_7,2023,7,catalunya,NOR,mclaren,17,0
2023_7,2023,7,catalunya,MAG,haas,18,0
2023_7,2023,7,catalunya,BOT,alfa,19,0
2023_7,2023,7,catalunya,SAR,williams,20,0
2023_8,2023,8,villeneuve,VER,red_bull,1,25
2023_8,2023,8,villeneuve,ALO,aston_martin,2,18
2023_8,2023,8,villeneuve,HAM,mercedes,3,15
2023_8,2023,8,villeneuve,LEC,ferrari,4,12
2023_8,2023,8,villeneuve,SAI,ferrari,5,10
2023_8,2023,8,villeneuve,PER,red_bull,6,9
2023_8,2023,8,villeneuve,ALB,williams,7,6
2023_8,2023,8,villeneuve,OCO,alpine,8,4
2023_8,2023,8,villeneuve,STR,aston_martin,9,2
2023_8,2023,8,villeneuve,BOT,alfa,10,1
2023_8,2023,8,villeneuve,PIA,mclaren,11,0
2023_8,2023,8,villeneuve,GAS,alpine,12,0
2023_8,2023,8,villeneuve,NOR,mclaren,13,0
2023_8,2023,8,villeneuve,TSU,alphatauri,14,0
2023_8,2023,8,villeneuve,HUL,haas,15,0
2023_8,2023,8,villeneuve,ZHO,alfa,16,0
2023_8,2023,8,villeneuve,MAG,haas,17,0
2023_8,2023,8,villeneuve,DEV,alphatauri,18,0
2023_8,2023,8,villeneuve,RUS,mercedes,19,0
2023_8,2023,8,villeneuve,SAR,williams,20,0
2023_9,2023,9,red_bull_ring,VER,red_bull,1,26
2023_9,2023,9,red_bull_ring,LEC,ferrari,2,18
2023_9,2023,9,red_bull_ring,PER,red_bull,3,15
2023_9,2023,9,red_bull_ring,NOR,mclaren,4,12
2023_9,2023,9,red_bull_ring,ALO,aston_martin,5,10
2023_9,2023,9,red_bull_ring,SAI,ferrari,6,8
2023_9,2023,9,red_bull_ring,RUS,mercedes,7,6
2023_9,2023,9,red_bull_ring,HAM,mercedes,8,4
2023_9,2023,9,red_bull_ring,STR,aston_martin,9,2
2023_9,2023,9,red_bull_ring,GAS,alpine,10,1
2023_9,2023,9,red_bull_ring,ALB,williams,11,0
2023_9,2023,9,red_bull_ring,ZHO,alfa,12,0
2023_9,2023,9,red_bull_ring,SAR,williams,13,0
2023_9,2023,9,red_bull_ring,OCO,alpine,14,0
2023_9,2023,9,red_bull_ring,BOT,alfa,15,0
2023_9,2023,9,red_bull_ring,PIA,mclaren,16,0
2023_9,2023,9,red_bull_ring,DEV,alphatauri,17,0
2023_9,2023,9,red_bull_ring,MAG,haas,18,0
2023_9,2023,9,red_bull_ring,TSU,alphatauri,19,0
2023_9,2023,9,red_bull_ring,HUL,haas,20,0
2023_10,2023,10,silverstone,VER,red_bull,1,26
2023_10,2023,10,silverstone,NOR,mclaren,2,18
2023_10,2023,10,silverstone,HAM,mercedes,3,15
2023_10,2023,10,silverstone,PIA,mclaren,4,12
2023_10,2023,10,silverstone,RUS,mercedes,5,10
2023_10,2023,10,silverstone,PER,red_bull,6,8
2023_10,2023,10,silverstone,ALO,aston_martin,7,6
2023_10,2023,10,silverstone,ALB,williams,8,4
2023_10,2023,10,silverstone,LEC,ferrari,9,2
2023_10,2023,10,silverstone,SAI,ferrari,10,1
2023_10,2023,10,silverstone,SAR,williams,11,0
2023_10,2023,10,silverstone,BOT,alfa,12,0
2023_10,2023,10,silverstone,HUL,haas,13,0
2023_10,2023,10,silverstone,STR,aston_martin,14,0
2023_10,2023,10,silverstone,ZHO,alfa,15,0
2023_10,2023,10,silverstone,TSU,alphatauri,16,0
2023_10,2023,10,silverstone,DEV,alphatauri,17,0
2023_10,2023,10,silverstone,GAS,alpine,18,0
2023_10,2023,10,silverstone,MAG,haas,19,0
2023_10,2023,10,silverstone,OCO,alpine,20,0
2023_11,2023,11,hungaroring,VER,red_bull,1,26
2023_11,2023,11,hungaroring,NOR,mclaren,2,18
2023_11,2023,11,hungaroring,PER,red_bull,3,15
2023_11,2023,11,hungaroring,HAM,mercedes,4,12
2023_11,2023,11,hungaroring,PIA,mclaren,5,10
2023_11,2023,11,hungaroring,RUS,mercedes,6,8
2023_11,2023,11,hungaroring,LEC,ferrari,7,6
2023_11,2023,11,hungaroring,SAI,ferrari,8,4
2023_11,2023,11,hungaroring,ALO,aston_martin,9,2
2023_11,2023,11,hungaroring,STR,aston_martin,10,1
2023_11,2023,11,hungaroring,ALB,williams,11,0
2023_11,2023,11,hungaroring,BOT,alfa,12,0
2023_11,2023,11,hungaroring,RIC,alphatauri,13,0
2023_11,2023,11,hungaroring,HUL,haas,14,0
2023_11,2023,11,hungaroring,TSU,alphatauri,15,0
2023_11,2023,11,hungaroring,ZHO,alfa,16,0
2023_11,2023,11,hungaroring,MAG,haas,17,0
2023_11,2023,11,hungaroring,SAR,williams,18,0
2023_11,2023,11,hungaroring,OCO,alpine,19,0
2023_11,2023,11,hungaroring,GAS,alpine,20,0
2023_12,2023,12,spa,VER,red_bull,1,25
2023_12,2023,12,spa,PER,red_bull,2,18
2023_12,2023,12,spa,LEC,ferrari,3,15
2023_12,2023,12,spa,HAM,mercedes,4,13
2023_12,2023,12,spa,ALO,aston_martin,5,10
2023_12,2023,12,spa,RUS,mercedes,6,8
2023_12,2023,12,spa,NOR,mclaren,7,6
2023_12,2023,12,spa,OCO,alpine,8,4
2023_12,2023,12,spa,STR,aston_martin,9,2
2023_12,2023,12,spa,TSU,alphatauri,10,1
2023_12,2023,12,spa,GAS,alpine,11,0
2023_12,2023,12,spa,BOT,alfa,12,0
2023_12,2023,12,spa,ZHO,alfa,13,0
2023_12,2023,12,spa,ALB,williams,14,0
2023_12,2023,12,spa,MAG,haas,15,0
2023_12,2023,12,spa,RIC,alphatauri,16,0
2023_12,2023,12,spa,SAR,williams,17,0
2023_12,2023,12,spa,HUL,haas,18,0
2023_12,2023,12,spa,SAI,ferrari,19,0
2023_12,2023,12,spa,PIA,mclaren,20,0
2023_13,2023,13,zandvoort,VER,red_bull,1,25
2023_13,2023,13,zandvoort,ALO,aston_martin,2,19
2023_13,2023,13,zandvoort,GAS,alpine,3,15
2023_13,2023,13,zandvoort,PER,red_bull,4,12
2023_13,2023,13,zandvoort,SAI,ferrari,5,10
2023_13,2023,13,zandvoort,HAM,mercedes,6,8
2023_13,2023,13,zandvoort,NOR,mclaren,7,6
2023_13,2023,13,zandvoort,ALB,williams,8,4
2023_13,2023,13,zandvoort,PIA,mclaren,9,2
2023_13,2023,13,zandvoort,OCO,alpine,10,1
2023_13,2023,13,zandvoort,STR,aston_martin,11,0
2023_13,2023,13,zandvoort,HUL,haas,12,0
2023_13,2023,13,zandvoort,LAW,alphatauri,13,0
2023_13,2023,13,zandvoort,BOT,alfa,14,0
2023_13,2023,13,zandvoort,TSU,alphatauri,15,0
2023_13,2023,13,zandvoort,MAG,haas,16,0
2023_13,2023,13,zandvoort,RUS,mercedes,17,0
2023_13,2023,13,zandvoort,ZHO,alfa,18,0
2023_13,2023,13,zandvoort,LEC,ferrari,19,0
2023_13,2023,13,zandvoort,SAR,williams,20,0
2023_14,2023,14,monza,VER,red_bull,1,25
2023_14,2023,14,monza,PER,red_bull,2,18
2023_14,2023,14,monza,SAI,ferrari,3,15
2023_14,2023,14,monza,LEC,ferrari,4,12
2023_14,2023,14,monza,RUS,mercedes,5,10
2023_14,2023,14,monza,HAM,mercedes,6,8
2023_14,2023,14,monza,ALB,williams,7,6
2023_14,2023,14,monza,NOR,mclaren,8,4
2023_14,2023,14,monza,ALO,aston_martin,9,2
2023_14,2023,14,monza,BOT,alfa,10,1
2023_14,2023,14,monza,LAW,alphatauri,11,0
2023_14,2023,14,monza,PIA,mclaren,12,0
2023_14,2023,14,monza,SAR,williams,13,0
2023_14,2023,14,monza,ZHO,alfa,14,0
2023_14,2023,14,monza,GAS,alpine,15,0
2023_14,2023,14,monza,STR,aston_martin,16,0
2023_14,2023,14,monza,HUL,haas,17,0
2023_14,2023,14,monza,MAG,haas,18,0
2023_14,2023,14,monza,OCO,alpine,19,0
2023_14,2023,14,monza,TSU,alphatauri,20,0
2023_15,2023,15,marina_bay,SAI,ferrari,1,25
2023_15,2023,15,marina_bay,NOR,mclaren,2,18
2023_15,2023,15,marina_bay,HAM,mercedes,3,16
2023_15,2023,15,marina_bay,LEC,ferrari,4,12
2023_15,2023,15,marina_bay,VER,red_bull,5,10
2023_15,2023,15,marina_bay,GAS,alpine,6,8
2023_15,2023,15,marina_bay,PIA,mclaren,7,6
2023_15,2023,15,marina_bay,PER,red_bull,8,4
2023_15,2023,15,marina_bay,LAW,alphatauri,9,2
2023_15,2023,15,marina_bay,MAG,haas,10,1
2023_15,2023,15,marina_bay,ALB,williams,11,0
2023_15,2023,15,marina_bay,ZHO,alfa,12,0
2023_15,2023,15,marina_bay,HUL,haas,13,0
2023_15,2023,15,marina_bay,SAR,williams,14,0
2023_15,2023,15,marina_bay,ALO,aston_martin,15,0
2023_15,2023,15,marina_bay,RUS,mercedes,16,0
2023_15,2023,15,marina_bay,BOT,alfa,17,0
2023_15,2023,15,marina_bay,OCO,alpine,18,0
2023_15,2023,15,marina_bay,TSU,alphatauri,19,0
2023_15,2023,15,marina_bay,STR,aston_martin,20,0
2023_16,2023,16,suzuka,VER,red_bull,1,26
2023_16,2023,16,suzuka,NOR,mclaren,2,18
2023_16,2023,16,suzuka,PIA,mclaren,3,15
2023_16,2023,16,suzuka,LEC,ferrari,4,12
2023_16,2023,16,suzuka,HAM,mercedes,5,10
2023_16,2023,16,suzuka,SAI,ferrari,6,8
2023_16,2023,16,suzuka,RUS,mercedes,7,6
2023_16,2023,16,suzuka,ALO,aston_martin,8,4
2023_16,2023,16,suzuka,OCO,alpine,9,2
2023_16,2023,16,suzuka,GAS,alpine,10,1
2023_16,2023,16,suzuka,LAW,alphatauri,11,0
2023_16,2023,16,suzuka,TSU,alphatauri,12,0
2023_16,2023,16,suzuka,ZHO,alfa,13,0
2023_16,2023,16,suzuka,HUL,haas,14,0
2023_16,2023,16,suzuka,MAG,haas,15,0
2023_16,2023,16,suzuka,ALB,williams,16,0
2023_16,2023,16,suzuka,SAR,williams,17,0
2023_16,2023,16,suzuka,STR,aston_martin,18,0
2023_16,2023,16,suzuka,PER,red_bull,19,0
2023_16,2023,16,suzuka,BOT,alfa,20,0
2023_17,2023,17,losail,VER,red_bull,1,26
2023_17,2023,17,losail,PIA,mclaren,2,18
2023_17,2023,17,losail,NOR,mclaren,3,15
2023_17,2023,17,losail,RUS,mercedes,4,12
2023_17,2023,17,losail,LEC,ferrari,5,10
2023_17,2023,17,losail,ALO,aston_martin,6,8
2023_17,2023,17,losail,OCO,alpine,7,6
2023_17,2023,17,losail,BOT,alfa,8,4
2023_17,2023,17,losail,ZHO,alfa,9,2
2023_17,2023,17,losail,PER,red_bull,10,1
2023_17,2023,17,losail,STR,aston_martin,11,0
2023_17,2023,17,losail,GAS,alpine,12,0
2023_17,2023,17,losail,ALB,williams,13,0
2023_17,2023,17,losail,MAG,haas,14,0
2023_17,2023,17,losail,TSU,alphatauri,15,0
2023_17,2023,17,losail,HUL,haas,16,0
2023_17,2023,17,losail,LAW,alphatauri,17,0
2023_17,2023,17,losail,SAR,williams,18,0
2023_17,2023,17,losail,HAM,mercedes,19,0
2023_17,2023,17,losail,SAI,ferrari,20,0
2023_18,2023,18,americas,VER,red_bull,1,25
2023_18,2023,18,americas,NOR,mclaren,2,18
2023_18,2023,18,americas,SAI,ferrari,3,15
2023_18,2023,18,americas,PER,red_bull,4,12
2023_18,2023,18,americas,RUS,mercedes,5,10
2023_18,2023,18,americas,GAS,alpine,6,8
2023_18,2023,18,americas,STR,aston_martin,7,6
2023_18,2023,18,americas,TSU,alphatauri,8,5
2023_18,2023,18,americas,ALB,williams,9,2
2023_18,2023,18,americas,SAR,williams,10,1
2023_18,2023,18,americas,HUL,haas,11,0
2023_18,2023,18,americas,BOT,alfa,12,0
2023_18,2023,18,americas,ZHO,alfa,13,0
2023_18,2023,18,americas,MAG,haas,14,0
2023_18,2023,18,americas,RIC,alphatauri,15,0
2023_18,2023,18,americas,ALO,aston_martin,16,0
2023_18,2023,18,americas,PIA,mclaren,17,0
2023_18,2023,18,americas,OCO,alpine,18,0
2023_18,2023,18,americas,HAM,mercedes,19,0
2023_18,2023,18,americas,LEC,ferrari,20,0
2023_19,2023,19,rodriguez,VER,red_bull,1,25
2023_19,2023,19,rodriguez,HAM,mercedes,2,19
2023_19,2023,19,rodriguez,LEC,ferrari,3,15
2023_19,2023,19,rodriguez,SAI,ferrari,4,12
2023_19,2023,19,rodriguez,NOR,mclaren,5,10
2023_19,2023,19,rodriguez,RUS,mercedes,6,8
2023_19,2023,19,rodriguez,RIC,alphatauri,7,6
2023_19,2023,19,rodriguez,PIA,mclaren,8,4
2023_19,2023,19,rodriguez,ALB,williams,9,2
2023_19,2023,19,rodriguez,OCO,alpine,10,1
2023_19,2023,19,rodriguez,GAS,alpine,11,0
2023_19,2023,19,rodriguez,TSU,alphatauri,12,0
2023_19,2023,19,rodriguez,HUL,haas,13,0
2023_19,2023,19,rodriguez,ZHO,alfa,14,0
2023_19,2023,19,rodriguez,BOT,alfa,15,0
2023_19,2023,19,rodriguez,SAR,williams,16,0
2023_19,2023,19,rodriguez,STR,aston_martin,17,0
2023_19,2023,19,rodriguez,ALO,aston_martin,18,0
2023_19,2023,19,rodriguez,MAG,haas,19,0
2023_19,2023,19,rodriguez,PER,red_bull,20,0
2023_20,2023,20,interlagos,VER,red_bull,1,25
2023_20,2023,20,interlagos,NOR,mclaren,2,19
2023_20,2023,20,interlagos,ALO,aston_martin,3,15
2023_20,2023,20,interlagos,PER,red_bull,4,12
2023_20,2023,20,interlagos,STR,aston_martin,5,10
2023_20,2023,20,interlagos,SAI,ferrari,6,8
2023_20,2023,20,interlagos,GAS,alpine,7,6
2023_20,2023,20,interlagos,HAM,mercedes,8,4
2023_20,2023,20,interlagos,TSU,alphatauri,9,2
2023_20,2023,20,interlagos,OCO,alpine,10,1
2023_20,2023,20,interlagos,SAR,williams,11,0
2023_20,2023,20,interlagos,HUL,haas,12,0
2023_20,2023,20,interlagos,RIC,alphatauri,13,0
2023_20,2023,20,interlagos,PIA,mclaren,14,0
2023_20,2023,20,interlagos,RUS,mercedes,15,0
2023_20,2023,20,interlagos,BOT,alfa,16,0
2023_20,2023,20,interlagos,ZHO,alfa,17,0
2023_20,2023,20,interlagos,MAG,haas,18,0
2023_20,2023,20,interlagos,ALB,williams,19,0
2023_20,2023,20,interlagos,LEC,ferrari,20,0
2023_21,2023,21,vegas,VER,red_bull,1,25
2023_21,2023,21,vegas,LEC,ferrari,2,18
2023_21,2023,21,vegas,PER,red_bull,3,15
2023_21,2023,21,vegas,OCO,alpine,4,12
2023_21,2023,21,vegas,STR,aston_martin,5,10
2023_21,2023,21,vegas,SAI,ferrari,6,8
2023_21,2023,21,vegas,HAM,mercedes,7,6
2023_21,2023,21,vegas,RUS,mercedes,8,4
2023_21,2023,21,vegas,ALO,aston_martin,9,2
2023_21,2023,21,vegas,PIA,mclaren,10,2
2023_21,2023,21,vegas,GAS,alpine,11,0
2023_21,2023,21,vegas,ALB,williams,12,0
2023_21,2023,21,vegas,MAG,haas,13,0
2023_21,2023,21,vegas,RIC,alphatauri,14,0
2023_21,2023,21,vegas,ZHO,alfa,15,0
2023_21,2023,21,vegas,SAR,williams,16,0
2023_21,2023,21,vegas,BOT,alfa,17,0
2023_21,2023,21,vegas,TSU,alphatauri,18,0
2023_21,2023,21,vegas,HUL,haas,19,0
2023_21,2023,21,vegas,NOR,mclaren,20,0
2023_22,2023,22,yas_marina,VER,red_bull,1,26
2023_22,2023,22,yas_marina,LEC,ferrari,2,18
2023_22,2023,22,yas_marina,RUS,mercedes,3,15
2023_22,2023,22,yas_marina,PER,red_bull,4,12
2023_22,2023,22,yas_marina,NOR,mclaren,5,10
2023_22,2023,22,yas_marina,PIA,mclaren,6,8
2023_22,2023,22,yas_marina,ALO,aston_martin,7,6
2023_22,2023,22,yas_marina,TSU,alphatauri,8,4
2023_22,2023,22,yas_marina,HAM,mercedes,9,2
2023_22,2023,22,yas_marina,STR,aston_martin,10,1
2023_22,2023,22,yas_marina,RIC,alphatauri,11,0
2023_22,2023,22,yas_marina,OCO,alpine,12,0
2023_22,2023,22,yas_marina,GAS,alpine,13,0
2023_22,2023,22,yas_marina,ALB,williams,14,0
2023_22,2023,22,yas_marina,HUL,haas,15,0
2023_22,2023,22,yas_marina,SAR,williams,16,0
2023_22,2023,22,yas_marina,ZHO,alfa,17,0
2023_22,2023,22,yas_marina,SAI,ferrari,18,0
2023_22,2023,22,yas_marina,BOT,alfa,19,0
2023_22,2023,22,yas_marina,MAG,haas,20,0
2024_1,2024,1,bahrain,VER,red_bull,1,26
2024_1,2024,1,bahrain,PER,red_bull,2,18
2024_1,2024,1,bahrain,SAI,ferrari,3,15
2024_1,2024,1,bahrain,LEC,ferrari,4,12
2024_1,2024,1,bahrain,RUS,mercedes,5,10
2024_1,2024,1,bahrain,NOR,mclaren,6,8
2024_1,2024,1,bahrain,HAM,mercedes,7,6
2024_1,2024,1,bahrain,PIA,mclaren,8,4
2024_1,2024,1,bahrain,ALO,aston_martin,9,2
2024_1,2024,1,bahrain,STR,aston_martin,10,1
2024_1,2024,1,bahrain,ZHO,sauber,11,0
2024_1,2024,1,bahrain,MAG,haas,12,0
2024_1,2024,1,bahrain,RIC,rb,13,0
2024_1,2024,1,bahrain,TSU,rb,14,0
2024_1,2024,1,bahrain,ALB,williams,15,0
2024_1,2024,1,bahrain,HUL,haas,16,0
2024_1,2024,1,bahrain,OCO,alpine,17,0
2024_1,2024,1,bahrain,GAS,alpine,18,0
2024_1,2024,1,bahrain,BOT,sauber,19,0
2024_1,2024,1,bahrain,SAR,williams,20,0
2024_2,2024,2,jeddah,VER,red_bull,1,25
2024_2,2024,2,jeddah,PER,red_bull,2,18
2024_2,2024,2,jeddah,LEC,ferrari,3,16
2024_2,2024,2,jeddah,PIA,mclaren,4,12
2024_2,2024,2,jeddah,ALO,aston_martin,5,10
2024_2,2024,2,jeddah,RUS,mercedes,6,8
2024_2,2024,2,jeddah,BEA,ferrari,7,6
2024_2,2024,2,jeddah,NOR,mclaren,8,4
2024_2,2024,2,jeddah,HAM,mercedes,9,2
2024_2,2024,2,jeddah,HUL,haas,10,1
2024_2,2024,2,jeddah,ALB,williams,11,0
2024_2,2024,2,jeddah,MAG,haas,12,0
2024_2,2024,2,jeddah,OCO,alpine,13,0
2024_2,2024,2,jeddah,SAR,williams,14,0
2024_2,2024,2,jeddah,TSU,rb,15,0
2024_2,2024,2,jeddah,RIC,rb,16,0
2024_2,2024,2,jeddah,BOT,sauber,17,0
2024_2,2024,2,jeddah,ZHO,sauber,18,0
2024_2,2024,2,jeddah,STR,aston_martin,19,0
2024_2,2024,2,jeddah,GAS,alpine,20,0
2024_3,2024,3,albert_park,SAI,ferrari,1,25
2024_3,2024,3,albert_park,LEC,ferrari,2,19
2024_3,2024,3,albert_park,NOR,mclaren,3,15
2024_3,2024,3,albert_park,PIA,mclaren,4,12
2024_3,2024,3,albert_park,PER,red_bull,5,10
2024_3,2024,3,albert_park,STR,aston_martin,6,8
2024_3,2024,3,albert_park,TSU,rb,7,6
2024_3,2024,3,albert_park,ALO,aston_martin,8,4
2024_3,2024,3,albert_park,HUL,haas,9,2
2024_3,2024,3,albert_park,MAG,haas,10,1
2024_3,2024,3,albert_park,ALB,williams,11,0
2024_3,2024,3,albert_park,RIC,rb,12,0
2024_3,2024,3,albert_park,GAS,alpine,13,0
2024_3,2024,3,albert_park,BOT,sauber,14,0
2024_3,2024,3,albert_park,ZHO,sauber,15,0
2024_3,2024,3,albert_park,OCO,alpine,16,0
2024_3,2024,3,albert_park,RUS,mercedes,17,0
2024_3,2024,3,albert_park,HAM,mercedes,18,0
2024_3,2024,3,albert_park,VER,red_bull,19,0
2024_4,2024,4,suzuka,VER,red_bull,1,26
2024_4,2024,4,suzuka,PER,red_bull,2,18
2024_4,2024,4,suzuka,SAI,ferrari,3,15
2024_4,2024,4,suzuka,LEC,ferrari,4,12
2024_4,2024,4,suzuka,NOR,mclaren,5,10
2024_4,2024,4,suzuka,ALO,aston_martin,6,8
2024_4,2024,4,suzuka,RUS,mercedes,7,6
2024_4,2024,4,suzuka,PIA,mclaren,8,4
2024_4,2024,4,suzuka,HAM,mercedes,9,2
2024_4,2024,4,suzuka,TSU,rb,10,1
2024_4,2024,4,suzuka,HUL,haas,11,0
2024_4,2024,4,suzuka,STR,aston_martin,12,0
2024_4,2024,4,suzuka,MAG,haas,13,0
2024_4,2024,4,suzuka,BOT,sauber,14,0
2024_4,2024,4,suzuka,OCO,alpine,15,0
2024_4,2024,4,suzuka,GAS,alpine,16,0
2024_4,2024,4,suzuka,SAR,williams,17,0
2024_4,2024,4,suzuka,ZHO,sauber,18,0
2024_4,2024,4,suzuka,RIC,rb,19,0
2024_4,2024,4,suzuka,ALB,williams,20,0
2024_5,2024,5,shanghai,VER,red_bull,1,25
2024_5,2024,5,shanghai,NOR,mclaren,2,18
2024_5,2024,5,shanghai,PER,red_bull,3,15
2024_5,2024,5,shanghai,LEC,ferrari,4,12
2024_5,2024,5,shanghai,SAI,ferrari,5,10
2024_5,2024,5,shanghai,RUS,mercedes,6,8
2024_5,2024,5,shanghai,ALO,aston_martin,7,7
2024_5,2024,5,shanghai,PIA,mclaren,8,4
2024_5,2024,5,shanghai,HAM,mercedes,9,2
2024_5,2024,5,shanghai,HUL,haas,10,1
2024_5,2024,5,shanghai,OCO,alpine,11,0
2024_5,2024,5,shanghai,ALB,williams,12,0
2024_5,2024,5,shanghai,GAS,alpine,13,0
2024_5,2024,5,shanghai,ZHO,sauber,14,0
2024_5,2024,5,shanghai,STR,aston_martin,15,0
2024_5,2024,5,shanghai,MAG,haas,16,0
2024_5,2024,5,shanghai,SAR,williams,17,0
2024_5,2024,5,shanghai,RIC,rb,18,0
2024_5,2024,5,shanghai,TSU,rb,19,0
2024_5,2024,5,shanghai,BOT,sauber,20,0
2024_6,2024,6,miami,NOR,mclaren,1,25
2024_6,2024,6,miami,VER,red_bull,2,18
2024_6,2024,6,miami,LEC,ferrari,3,15
2024_6,2024,6,miami,PER,red_bull,4,12
2024_6,2024,6,miami,SAI,ferrari,5,10
2024_6,2024,6,miami,HAM,mercedes,6,8
2024_6,2024,6,miami,TSU,rb,7,6
2024_6,2024,6,miami,RUS,mercedes,8,4
2024_6,2024,6,miami,ALO,aston_martin,9,2
2024_6,2024,6,miami,OCO,alpine,10,1
2024_6,2024,6,miami,HUL,haas,11,0
2024_6,2024,6,miami,GAS,alpine,12,0
2024_6,2024,6,miami,PIA,mclaren,13,0
2024_6,2024,6,miami,ZHO,sauber,14,0
2024_6,2024,6,miami,RIC,rb,15,0
2024_6,2024,6,miami,BOT,sauber,16,0
2024_6,2024,6,miami,STR,aston_martin,17,0
2024_6,2024,6,miami,ALB,williams,18,0
2024_6,2024,6,miami,MAG,haas,19,0
2024_6,2024,6,miami,SAR,williams,20,0
2024_7,2024,7,imola,VER,red_bull,1,25
2024_7,2024,7,imola,NOR,mclaren,2,18
2024_7,2024,7,imola,LEC,ferrari,3,15
2024_7,2024,7,imola,PIA,mclaren,4,12
2024_7,2024,7,imola,SAI,ferrari,5,10
2024_7,2024,7,imola,HAM,mercedes,6,8
2024_7,2024,7,imola,RUS,mercedes,7,7
2024_7,2024,7,imola,PER,red_bull,8,4
2024_7,2024,7,imola,STR,aston_martin,9,2
2024_7,2024,7,imola,TSU,rb,10,1
2024_7,2024,7,imola,HUL,haas,11,0
2024_7,2024,7,imola,MAG,haas,12,0
2024_7,2024,7,imola,RIC,rb,13,0
2024_7,2024,7,imola,OCO,alpine,14,0
2024_7,2024,7,imola,ZHO,sauber,15,0
2024_7,2024,7,imola,GAS,alpine,16,0
2024_7,2024,7,imola,SAR,williams,17,0
2024_7,2024,7,imola,BOT,sauber,18,0
2024_7,2024,7,imola,ALO,aston_martin,19,0
2024_7,2024,7,imola,ALB,williams,20,0
2024_8,2024,8,monaco,LEC,ferrari,1,25
2024_8,2024,8,monaco,PIA,mclaren,2,18
2024_8,2024,8,monaco,SAI,ferrari,3,15
2024_8,2024,8,monaco,NOR,mclaren,4,12
2024_8,2024,8,monaco,RUS,mercedes,5,10
2024_8,2024,8,monaco,VER,red_bull,6,8
2024_8,2024,8,monaco,HAM,mercedes,7,7
2024_8,2024,8,monaco,TSU,rb,8,4
2024_8,2024,8,monaco,ALB,williams,9,2
2024_8,2024,8,monaco,GAS,alpine,10,1
2024_8,2024,8,monaco,ALO,aston_martin,11,0
2024_8,2024,8,monaco,RIC,rb,12,0
2024_8,2024,8,monaco,BOT,sauber,13,0
2024_8,2024,8,monaco,STR,aston_martin,14,0
2024_8,2024,8,monaco,SAR,williams,15,0
2024_8,2024,8,monaco,ZHO,sauber,16,0
2024_8,2024,8,monaco,OCO,alpine,17,0
2024_8,2024,8,monaco,PER,red_bull,18,0
2024_8,2024,8,monaco,HUL,haas,19,0
2024_8,2024,8,monaco,MAG,haas,20,0
2024_9,2024,9,villeneuve,VER,red_bull,1,25
2024_9,2024,9,villeneuve,NOR,mclaren,2,18
2024_9,2024,9,villeneuve,RUS,mercedes,3,15
2024_9,2024,9,villeneuve,HAM,mercedes,4,13
2024_9,2024,9,villeneuve,PIA,mclaren,5,10
2024_9,2024,9,villeneuve,ALO,aston_martin,6,8
2024_9,2024,9,villeneuve,STR,aston_martin,7,6
2024_9,2024,9,villeneuve,RIC,rb,8,4
2024_9,2024,9,villeneuve,GAS,alpine,9,2
2024_9,2024,9,villeneuve,OCO,alpine,10,1
2024_9,2024,9,villeneuve,HUL,haas,11,0
2024_9,2024,9,villeneuve,MAG,haas,12,0
2024_9,2024,9,villeneuve,BOT,sauber,13,0
2024_9,2024,9,villeneuve,TSU,rb,14,0
2024_9,2024,9,villeneuve,ZHO,sauber,15,0
2024_9,2024,9,villeneuve,SAI,ferrari,16,0
2024_9,2024,9,villeneuve,ALB,williams,17,0
2024_9,2024,9,villeneuve,PER,red_bull,18,0
2024_9,2024,9,villeneuve,LEC,ferrari,19,0
2024_9,2024,9,villeneuve,SAR,williams,20,0
2024_10,2024,10,catalunya,VER,red_bull,1,25
2024_10,2024,10,catalunya,NOR,mclaren,2,19
2024_10,2024,10,catalunya,HAM,mercedes,3,15
2024_10,2024,10,catalunya,RUS,mercedes,4,12
2024_10,2024,10,catalunya,LEC,ferrari,5,10
2024_10,2024,10,catalunya,SAI,ferrari,6,8
2024_10,2024,10,catalunya,PIA,mclaren,7,6
2024_10,2024,10,catalunya,PER,red_bull,8,4
2024_10,2024,10,catalunya,GAS,alpine,9,2
2024_10,2024,10,catalunya,OCO,alpine,10,1
2024_10,2024,10,catalunya,HUL,haas,11,0
2024_10,2024,10,catalunya,ALO,aston_martin,12,0
2024_10,2024,10,catalunya,ZHO,sauber,13,0
2024_10,2024,10,catalunya,STR,aston_martin,14,0
2024_10,2024,10,catalunya,RIC,rb,15,0
2024_10,2024,10,catalunya,BOT,sauber,16,0
2024_10,2024,10,catalunya,MAG,haas,17,0
2024_10,2024,10,catalunya,ALB,williams,18,0
2024_10,2024,10,catalunya,TSU,rb,19,0
2024_10,2024,10,catalunya,SAR,williams,20,0
2024_11,2024,11,red_bull_ring,RUS,mercedes,1,25
2024_11,2024,11,red_bull_ring,PIA,mclaren,2,18
2024_11,2024,11,red_bull_ring,SAI,ferrari,3,15
2024_11,2024,11,red_bull_ring,HAM,mercedes,4,12
2024_11,2024,11,red_bull_ring,VER,red_bull,5,10
2024_11,2024,11,red_bull_ring,HUL,haas,6,8
2024_11,2024,11,red_bull_ring,PER,red_bull,7,6
2024_11,2024,11,red_bull_ring,MAG,haas,8,4
2024_11,2024,11,red_bull_ring,RIC,rb,9,2
2024_11,2024,11,red_bull_ring,GAS,alpine,10,1
2024_11,2024,11,red_bull_ring,LEC,ferrari,11,0
2024_11,2024,11,red_bull_ring,OCO,alpine,12,0
2024_11,2024,11,red_bull_ring,STR,aston_martin,13,0
2024_11,2024,11,red_bull_ring,TSU,rb,14,0
2024_11,2024,11,red_bull_ring,ALB,williams,15,0
2024_11,2024,11,red_bull_ring,BOT,sauber,16,0
2024_11,2024,11,red_bull_ring,ZHO,sauber,17,0
2024_11,2024,11,red_bull_ring,ALO,aston_martin,18,0
2024_11,2024,11,red_bull_ring,SAR,williams,19,0
2024_11,2024,11,red_bull_ring,NOR,mclaren,20,0
2024_12,2024,12,silverstone,HAM,mercedes,1,25
2024_12,2024,12,silverstone,VER,red_bull,2,18
2024_12,2024,12,silverstone,NOR,mclaren,3,15
2024_12,2024,12,silverstone,PIA,mclaren,4,12
2024_12,2024,12,silverstone,SAI,ferrari,5,11
2024_12,2024,12,silverstone,HUL,haas,6,8
2024_12,2024,12,silverstone,STR,aston_martin,7,6
2024_12,2024,12,silverstone,ALO,aston_martin,8,4
2024_12,2024,12,silverstone,ALB,williams,9,2
2024_12,2024,12,silverstone,TSU,rb,10,1
2024_12,2024,12,silverstone,SAR,williams,11,0
2024_12,2024,12,silverstone,MAG,haas,12,0
2024_12,2024,12,silverstone,RIC,rb,13,0
2024_12,2024,12,silverstone,LEC,ferrari,14,0
2024_12,2024,12,silverstone,BOT,sauber,15,0
2024_12,2024,12,silverstone,OCO,alpine,16,0
2024_12,2024,12,silverstone,PER,red_bull,17,0
2024_12,2024,12,silverstone,ZHO,sauber,18,0
2024_12,2024,12,silverstone,RUS,mercedes,19,0
2024_12,2024,12,silverstone,GAS,alpine,20,0
2024_13,2024,13,hungaroring,PIA,mclaren,1,25
2024_13,2024,13,hungaroring,NOR,mclaren,2,18
2024_13,2024,13,hungaroring,HAM,mercedes,3,15
2024_13,2024,13,hungaroring,LEC,ferrari,4,12
2024_13,2024,13,hungaroring,VER,red_bull,5,10
2024_13,2024,13,hungaroring,SAI,ferrari,6,8
2024_13,2024,13,hungaroring,PER,red_bull,7,6
2024_13,2024,13,hungaroring,RUS,mercedes,8,5
2024_13,2024,13,hungaroring,TSU,rb,9,2
2024_13,2024,13,hungaroring,STR,aston_martin,10,1
2024_13,2024,13,hungaroring,ALO,aston_martin,11,0
2024_13,2024,13,hungaroring,RIC,rb,12,0
2024_13,2024,13,hungaroring,HUL,haas,13,0
2024_13,2024,13,hungaroring,ALB,williams,14,0
2024_13,2024,13,hungaroring,MAG,haas,15,0
2024_13,2024,13,hungaroring,BOT,sauber,16,0
2024_13,2024,13,hungaroring,SAR,williams,17,0
2024_13,2024,13,hungaroring,OCO,alpine,18,0
2024_13,2024,13,hungaroring,ZHO,sauber,19,0
2024_13,2024,13,hungaroring,GAS,alpine,20,0
2024_14,2024,14,spa,HAM,mercedes,1,25
2024_14,2024,14,spa,PIA,mclaren,2,18
2024_14,2024,14,spa,LEC,ferrari,3,15
2024_14,2024,14,spa,VER,red_bull,4,12
2024_14,2024,14,spa,NOR,mclaren,5,10
2024_14,2024,14,spa,SAI,ferrari,6,8
2024_14,2024,14,spa,PER,red_bull,7,7
2024_14,2024,14,spa,ALO,aston_martin,8,4
2024_14,2024,14,spa,OCO,alpine,9,2
2024_14,2024,14,spa,RIC,rb,10,1
2024_14,2024,14,spa,STR,aston_martin,11,0
2024_14,2024,14,spa,ALB,williams,12,0
2024_14,2024,14,spa,GAS,alpine,13,0
2024_14,2024,14,spa,MAG,haas,14,0
2024_14,2024,14,spa,BOT,sauber,15,0
2024_14,2024,14,spa,TSU,rb,16,0
2024_14,2024,14,spa,SAR,williams,17,0
2024_14,2024,14,spa,HUL,haas,18,0
2024_14,2024,14,spa,ZHO,sauber,19,0
2024_14,2024,14,spa,RUS,mercedes,20,0
2024_15,2024,15,zandvoort,NOR,mclaren,1,26
2024_15,2024,15,zandvoort,VER,red_bull,2,18
2024_15,2024,15,zandvoort,LEC,ferrari,3,15
2024_15,2024,15,zandvoort,PIA,mclaren,4,12
2024_15,2024,15,zandvoort,SAI,ferrari,5,10
2024_15,2024,15,zandvoort,PER,red_bull,6,8
2024_15,2024,15,zandvoort,RUS,mercedes,7,6
2024_15,2024,15,zandvoort,HAM,mercedes,8,4
2024_15,2024,15,zandvoort,GAS,alpine,9,2
2024_15,2024,15,zandvoort,ALO,aston_martin,10,1
2024_15,2024,15,zandvoort,HUL,haas,11,0
2024_15,2024,15,zandvoort,RIC,rb,12,0
2024_15,2024,15,zandvoort,STR,aston_martin,13,0
2024_15,2024,15,zandvoort,ALB,williams,14,0
2024_15,2024,15,zandvoort,OCO,alpine,15,0
2024_15,2024,15,zandvoort,SAR,williams,16,0
2024_15,2024,15,zandvoort,TSU,rb,17,0
2024_15,2024,15,zandvoort,MAG,haas,18,0
2024_15,2024,15,zandvoort,BOT,sauber,19,0
2024_15,2024,15,zandvoort,ZHO,sauber,20,0
2024_16,2024,16,monza,LEC,ferrari,1,25
2024_16,2024,16,monza,PIA,mclaren,2,18
2024_16,2024,16,monza,NOR,mclaren,3,16
2024_16,2024,16,monza,SAI,ferrari,4,12
2024_16,2024,16,monza,HAM,mercedes,5,10
2024_16,2024,16,monza,VER,red_bull,6,8
2024_16,2024,16,monza,RUS,mercedes,7,6
2024_16,2024,16,monza,PER,red_bull,8,4
2024_16,2024,16,monza,ALB,williams,9,2
2024_16,2024,16,monza,MAG,haas,10,1
2024_16,2024,16,monza,ALO,aston_martin,11,0
2024_16,2024,16,monza,COL,williams,12,0
2024_16,2024,16,monza,RIC,rb,13,0
2024_16,2024,16,monza,OCO,alpine,14,0
2024_16,2024,16,monza,GAS,alpine,15,0
2024_16,2024,16,monza,BOT,sauber,16,0
2024_16,2024,16,monza,HUL,haas,17,0
2024_16,2024,16,monza,ZHO,sauber,18,0
2024_16,2024,16,monza,STR,aston_martin,19,0
2024_16,2024,16,monza,TSU,rb,20,0
2024_17,2024,17,baku,PIA,mclaren,1,25
2024_17,2024,17,baku,LEC,ferrari,2,18
2024_17,2024,17,baku,RUS,mercedes,3,15
2024_17,2024,17,baku,NOR,mclaren,4,13
2024_17,2024,17,baku,VER,red_bull,5,10
2024_17,2024,17,baku,ALO,aston_martin,6,8
2024_17,2024,17,baku,ALB,williams,7,6
2024_17,2024,17,baku,COL,williams,8,4
2024_17,2024,17,baku,HAM,mercedes,9,2
2024_17,2024,17,baku,BEA,haas,10,1
2024_17,2024,17,baku,HUL,haas,11,0
2024_17,2024,17,baku,GAS,alpine,12,0
2024_17,2024,17,baku,RIC,rb,13,0
2024_17,2024,17,baku,ZHO,sauber,14,0
2024_17,2024,17,baku,OCO,alpine,15,0
2024_17,2024,17,baku,BOT,sauber,16,0
2024_17,2024,17,baku,PER,red_bull,17,0
2024_17,2024,17,baku,SAI,ferrari,18,0
2024_17,2024,17,baku,STR,aston_martin,19,0
2024_17,2024,17,baku,TSU,rb,20,0
2024_18,2024,18,marina_bay,NOR,mclaren,1,25
2024_18,2024,18,marina_bay,VER,red_bull,2,18
2024_18,2024,18,marina_bay,PIA,mclaren,3,15
2024_18,2024,18,marina_bay,RUS,mercedes,4,12
2024_18,2024,18,marina_bay,LEC,ferrari,5,10
2024_18,2024,18,marina_bay,HAM,mercedes,6,8
2024_18,2024,18,marina_bay,SAI,ferrari,7,6
2024_18,2024,18,marina_bay,ALO,aston_martin,8,4
2024_18,2024,18,marina_bay,HUL,haas,9,2
2024_18,2024,18,marina_bay,PER,red_bull,10,1
2024_18,2024,18,marina_bay,COL,williams,11,0
2024_18,2024,18,marina_bay,TSU,rb,12,0
2024_18,2024,18,marina_bay,OCO,alpine,13,0
2024_18,2024,18,marina_bay,STR,aston_martin,14,0
2024_18,2024,18,marina_bay,ZHO,sauber,15,0
2024_18,2024,18,marina_bay,BOT,sauber,16,0
2024_18,2024,18,marina_bay,GAS,alpine,17,0
2024_18,2024,18,marina_bay,RIC,rb,18,0
2024_18,2024,18,marina_bay,MAG,haas,19,0
2024_18,2024,18,marina_bay,ALB,williams,20,0
2024_19,2024,19,americas,LEC,ferrari,1,25
2024_19,2024,19,americas,SAI,ferrari,2,18
2024_19,2024,19,americas,VER,red_bull,3,15
2024_19,2024,19,americas,NOR,mclaren,4,12
2024_19,2024,19,americas,PIA,mclaren,5,10
2024_19,2024,19,americas,RUS,mercedes,6,8
2024_19,2024,19,americas,PER,red_bull,7,6
2024_19,2024,19,americas,HUL,haas,8,4
2024_19,2024,19,americas,LAW,rb,9,2
2024_19,2024,19,americas,COL,williams,10,1
2024_19,2024,19,americas,MAG,haas,11,0
2024_19,2024,19,americas,GAS,alpine,12,0
2024_19,2024,19,americas,ALO,aston_martin,13,0
2024_19,2024,19,americas,TSU,rb,14,0
2024_19,2024,19,americas,STR,aston_martin,15,0
2024_19,2024,19,americas,ALB,williams,16,0
2024_19,2024,19,americas,BOT,sauber,17,0
2024_19,2024,19,americas,OCO,alpine,18,0
2024_19,2024,19,americas,ZHO,sauber,19,0
2024_19,2024,19,americas,HAM,mercedes,20,0
2024_20,2024,20,rodriguez,SAI,ferrari,1,25
2024_20,2024,20,rodriguez,NOR,mclaren,2,18
2024_20,2024,20,rodriguez,LEC,ferrari,3,16
2024_20,2024,20,rodriguez,HAM,mercedes,4,12
2024_20,2024,20,rodriguez,RUS,mercedes,5,10
2024_20,2024,20,rodriguez,VER,red_bull,6,8
2024_20,2024,20,rodriguez,MAG,haas,7,6
2024_20,2024,20,rodriguez,PIA,mclaren,8,4
2024_20,2024,20,rodriguez,HUL,haas,9,2
2024_20,2024,20,rodriguez,GAS,alpine,10,1
2024_20,2024,20,rodriguez,STR,aston_martin,11,0
2024_20,2024,20,rodriguez,COL,williams,12,0
2024_20,2024,20,rodriguez,OCO,alpine,13,0
2024_20,2024,20,rodriguez,BOT,sauber,14,0
2024_20,2024,20,rodriguez,ZHO,sauber,15,0
2024_20,2024,20,rodriguez,LAW,rb,16,0
2024_20,2024,20,rodriguez,PER,red_bull,17,0
2024_20,2024,20,rodriguez,ALO,aston_martin,18,0
2024_20,2024,20,rodriguez,ALB,williams,19,0
2024_20,2024,20,rodriguez,TSU,rb,20,0
2024_21,2024,21,interlagos,VER,red_bull,1,26
2024_21,2024,21,interlagos,OCO,alpine,2,18
2024_21,2024,21,interlagos,GAS,alpine,3,15
2024_21,2024,21,interlagos,RUS,mercedes,4,12
2024_21,2024,21,interlagos,LEC,ferrari,5,10
2024_21,2024,21,interlagos,NOR,mclaren,6,8
2024_21,2024,21,interlagos,TSU,rb,7,6
2024_21,2024,21,interlagos,PIA,mclaren,8,4
2024_21,2024,21,interlagos,LAW,rb,9,2
2024_21,2024,21,interlagos,HAM,mercedes,10,1
2024_21,2024,21,interlagos,PER,red_bull,11,0
2024_21,2024,21,interlagos,BEA,haas,12,0
2024_21,2024,21,interlagos,BOT,sauber,13,0
2024_21,2024,21,interlagos,ALO,aston_martin,14,0
2024_21,2024,21,interlagos,ZHO,sauber,15,0
2024_21,2024,21,interlagos,SAI,ferrari,16,0
2024_21,2024,21,interlagos,COL,williams,17,0
2024_21,2024,21,interlagos,ALB,williams,18,0
2024_21,2024,21,interlagos,STR,aston_martin,19,0
2024_21,2024,21,interlagos,HUL,haas,20,0
2024_22,2024,22,vegas,RUS,mercedes,1,25
2024_22,2024,22,vegas,HAM,mercedes,2,18
2024_22,2024,22,vegas,SAI,ferrari,3,15
2024_22,2024,22,vegas,LEC,ferrari,4,12
2024_22,2024,22,vegas,VER,red_bull,5,10
2024_22,2024,22,vegas,NOR,mclaren,6,9
2024_22,2024,22,vegas,PIA,mclaren,7,6
2024_22,2024,22,vegas,HUL,haas,8,4
2024_22,2024,22,vegas,TSU,rb,9,2
2024_22,2024,22,vegas,PER,red_bull,10,1
2024_22,2024,22,vegas,ALO,aston_martin,11,0
2024_22,2024,22,vegas,MAG,haas,12,0
2024_22,2024,22,vegas,ZHO,sauber,13,0
2024_22,2024,22,vegas,COL,williams,14,0
2024_22,2024,22,vegas,STR,aston_martin,15,0
2024_22,2024,22,vegas,LAW,rb,16,0
2024_22,2024,22,vegas,OCO,alpine,17,0
2024_22,2024,22,vegas,BOT,sauber,18,0
2024_22,2024,22,vegas,ALB,williams,19,0
2024_22,2024,22,vegas,GAS,alpine,20,0
2024_23,2024,23,losail,VER,red_bull,1,25
2024_23,2024,23,losail,LEC,ferrari,2,18
2024_23,2024,23,losail,PIA,mclaren,3,15
2024_23,2024,23,losail,RUS,mercedes,4,12
2024_23,2024,23,losail,GAS,alpine,5,10
2024_23,2024,23,losail,SAI,ferrari,6,8
2024_23,2024,23,losail,ALO,aston_martin,7,6
2024_23,2024,23,losail,ZHO,sauber,8,4
2024_23,2024,23,losail,MAG,haas,9,2
2024_23,2024,23,losail,NOR,mclaren,10,2
2024_23,2024,23,losail,BOT,sauber,11,0
2024_23,2024,23,losail,HAM,mercedes,12,0
2024_23,2024,23,losail,TSU,rb,13,0
2024_23,2024,23,losail,LAW,rb,14,0
2024_23,2024,23,losail,ALB,williams,15,0
2024_23,2024,23,losail,HUL,haas,16,0
2024_23,2024,23,losail,PER,red_bull,17,0
2024_23,2024,23,losail,STR,aston_martin,18,0
2024_23,2024,23,losail,COL,williams,19,0
2024_23,2024,23,losail,OCO,alpine,20,0
2024_24,2024,24,yas_marina,NOR,mclaren,1,25
2024_24,2024,24,yas_marina,SAI,ferrari,2,18
2024_24,2024,24,yas_marina,LEC,ferrari,3,15
2024_24,2024,24,yas_marina,HAM,mercedes,4,12
2024_24,2024,24,yas_marina,RUS,mercedes,5,10
2024_24,2024,24,yas_marina,VER,red_bull,6,8
2024_24,2024,24,yas_marina,GAS,alpine,7,6
2024_24,2024,24,yas_marina,HUL,haas,8,4
2024_24,2024,24,yas_marina,ALO,aston_martin,9,2
2024_24,2024,24,yas_marina,PIA,mclaren,10,1
2024_24,2024,24,yas_marina,ALB,williams,11,0
2024_24,2024,24,yas_marina,TSU,rb,12,0
2024_24,2024,24,yas_marina,ZHO,sauber,13,0
2024_24,2024,24,yas_marina,STR,aston_martin,14,0
2024_24,2024,24,yas_marina,DOO,alpine,15,0
2024_24,2024,24,yas_marina,MAG,haas,16,0
2024_24,2024,24,yas_marina,LAW,rb,17,0
2024_24,2024,24,yas_marina,BOT,sauber,18,0
2024_24,2024,24,yas_marina,COL,williams,19,0
2024_24,2024,24,yas_marina,PER,red_bull,20,0
2025_1,2025,1,albert_park,NOR,mclaren,1,25
2025_1,2025,1,albert_park,VER,red_bull,2,18
2025_1,2025,1,albert_park,RUS,mercedes,3,15
2025_1,2025,1,albert_park,ANT,mercedes,4,12
2025_1,2025,1,albert_park,ALB,williams,5,10
2025_1,2025,1,albert_park,STR,aston_martin,6,8
2025_1,2025,1,albert_park,HUL,sauber,7,6
2025_1,2025,1,albert_park,LEC,ferrari,8,4
2025_1,2025,1,albert_park,PIA,mclaren,9,2
2025_1,2025,1,albert_park,HAM,ferrari,10,1
2025_1,2025,1,albert_park,GAS,alpine,11,0
2025_1,2025,1,albert_park,TSU,rb,12,0
2025_1,2025,1,albert_park,OCO,haas,13,0
2025_1,2025,1,albert_park,BEA,haas,14,0
2025_1,2025,1,albert_park,LAW,red_bull,15,0
2025_1,2025,1,albert_park,BOR,sauber,16,0
2025_1,2025,1,albert_park,ALO,aston_martin,17,0
2025_1,2025,1,albert_park,SAI,williams,18,0
2025_1,2025,1,albert_park,DOO,alpine,19,0
2025_1,2025,1,albert_park,HAD,rb,20,0
2025_2,2025,2,shanghai,PIA,mclaren,1,25
2025_2,2025,2,shanghai,NOR,mclaren,2,18
2025_2,2025,2,shanghai,RUS,mercedes,3,15
2025_2,2025,2,shanghai,VER,red_bull,4,12
2025_2,2025,2,shanghai,OCO,haas,5,10
2025_2,2025,2,shanghai,ANT,mercedes,6,8
2025_2,2025,2,shanghai,ALB,williams,7,6
2025_2,2025,2,shanghai,BEA,haas,8,4
2025_2,2025,2,shanghai,STR,aston_martin,9,2
2025_2,2025,2,shanghai,SAI,williams,10,1
2025_2,2025,2,shanghai,HAD,rb,11,0
2025_2,2025,2,shanghai,LAW,red_bull,12,0
2025_2,2025,2,shanghai,DOO,alpine,13,0
2025_2,2025,2,shanghai,BOR,sauber,14,0
2025_2,2025,2,shanghai,HUL,sauber,15,0
2025_2,2025,2,shanghai,TSU,rb,16,0
2025_2,2025,2,shanghai,ALO,aston_martin,17,0
2025_2,2025,2,shanghai,LEC,ferrari,18,0
2025_2,2025,2,shanghai,HAM,ferrari,19,0
2025_2,2025,2,shanghai,GAS,alpine,20,0
2025_3,2025,3,suzuka,VER,red_bull,1,25
2025_3,2025,3,suzuka,NOR,mclaren,2,18
2025_3,2025,3,suzuka,PIA,mclaren,3,15
2025_3,2025,3,suzuka,LEC,ferrari,4,12
2025_3,2025,3,suzuka,RUS,mercedes,5,10
2025_3,2025,3,suzuka,ANT,mercedes,6,8
2025_3,2025,3,suzuka,HAM,ferrari,7,6
2025_3,2025,3,suzuka,HAD,rb,8,4
2025_3,2025,3,suzuka,ALB,williams,9,2
2025_3,2025,3,suzuka,BEA,haas,10,1
2025_3,2025,3,suzuka,ALO,aston_martin,11,0
2025_3,2025,3,suzuka,TSU,red_bull,12,0
2025_3,2025,3,suzuka,GAS,alpine,13,0
2025_3,2025,3,suzuka,SAI,williams,14,0
2025_3,2025,3,suzuka,DOO,alpine,15,0
2025_3,2025,3,suzuka,HUL,sauber,16,0
2025_3,2025,3,suzuka,LAW,rb,17,0
2025_3,2025,3,suzuka,OCO,haas,18,0
2025_3,2025,3,suzuka,BOR,sauber,19,0
2025_3,2025,3,suzuka,STR,aston_martin,20,0
2025_4,2025,4,bahrain,PIA,mclaren,1,25
2025_4,2025,4,bahrain,RUS,mercedes,2,18
2025_4,2025,4,bahrain,NOR,mclaren,3,15
2025_4,2025,4,bahrain,LEC,ferrari,4,12
2025_4,2025,4,bahrain,HAM,ferrari,5,10
2025_4,2025,4,bahrain,VER,red_bull,6,8
2025_4,2025,4,bahrain,GAS,alpine,7,6
2025_4,2025,4,bahrain,OCO,haas,8,4
2025_4,2025,4,bahrain,TSU,red_bull,9,2
2025_4,2025,4,bahrain,BEA,haas,10,1
2025_4,2025,4,bahrain,ANT,mercedes,11,0
2025_4,2025,4,bahrain,ALB,williams,12,0
2025_4,2025,4,bahrain,HAD,rb,13,0
2025_4,2025,4,bahrain,DOO,alpine,14,0
2025_4,2025,4,bahrain,ALO,aston_martin,15,0
2025_4,2025,4,bahrain,LAW,rb,16,0
2025_4,2025,4,bahrain,STR,aston_martin,17,0
2025_4,2025,4,bahrain,BOR,sauber,18,0
2025_4,2025,4,bahrain,SAI,williams,19,0
2025_4,2025,4,bahrain,HUL,sauber,20,0
2025_5,2025,5,jeddah,PIA,mclaren,1,25
2025_5,2025,5,jeddah,VER,red_bull,2,18
2025_5,2025,5,jeddah,LEC,ferrari,3,15
2025_5,2025,5,jeddah,NOR,mclaren,4,12
2025_5,2025,5,jeddah,RUS,mercedes,5,10
2025_5,2025,5,jeddah,ANT,mercedes,6,8
2025_5,2025,5,jeddah,HAM,ferrari,7,6
2025_5,2025,5,jeddah,SAI,williams,8,4
2025_5,2025,5,jeddah,ALB,williams,9,2
2025_5,2025,5,jeddah,HAD,rb,10,1
2025_5,2025,5,jeddah,ALO,aston_martin,11,0
2025_5,2025,5,jeddah,LAW,rb,12,0
2025_5,2025,5,jeddah,BEA,haas,13,0
2025_5,2025,5,jeddah,OCO,haas,14,0
2025_5,2025,5,jeddah,HUL,sauber,15,0
2025_5,2025,5,jeddah,STR,aston_martin,16,0
2025_5,2025,5,jeddah,DOO,alpine,17,0
2025_5,2025,5,jeddah,BOR,sauber,18,0
2025_5,2025,5,jeddah,TSU,red_bull,19,0
2025_5,2025,5,jeddah,GAS,alpine,20,0
2025_6,2025,6,miami,PIA,mclaren,1,25
2025_6,2025,6,miami,NOR,mclaren,2,18
2025_6,2025,6,miami,RUS,mercedes,3,15
2025_6,2025,6,miami,VER,red_bull,4,12
2025_6,2025,6,miami,ALB,williams,5,10
2025_6,2025,6,miami,ANT,mercedes,6,8
2025_6,2025,6,miami,LEC,ferrari,7,6
2025_6,2025,6,miami,HAM,ferrari,8,4
2025_6,2025,6,miami,SAI,williams,9,2
2025_6,2025,6,miami,TSU,red_bull,10,1
2025_6,2025,6,miami,HAD,rb,11,0
2025_6,2025,6,miami,OCO,haas,12,0
2025_6,2025,6,miami,GAS,alpine,13,0
2025_6,2025,6,miami,HUL,sauber,14,0
2025_6,2025,6,miami,ALO,aston_martin,15,0
2025_6,2025,6,miami,STR,aston_martin,16,0
2025_6,2025,6,miami,LAW,rb,17,0
2025_6,2025,6,miami,BOR,sauber,18,0
2025_6,2025,6,miami,BEA,haas,19,0
2025_6,2025,6,miami,DOO,alpine,20,0
2025_7,2025,7,imola,VER,red_bull,1,25
2025_7,2025,7,imola,NOR,mclaren,2,18
2025_7,2025,7,imola,PIA,mclaren,3,15
2025_7,2025,7,imola,HAM,ferrari,4,12
2025_7,2025,7,imola,ALB,williams,5,10
2025_7,2025,7,imola,LEC,ferrari,6,8
2025_7,2025,7,imola,RUS,mercedes,7,6
2025_7,2025,7,imola,SAI,williams,8,4
2025_7,2025,7,imola,HAD,rb,9,2
2025_7,2025,7,imola,TSU,red_bull,10,1
2025_7,2025,7,imola,ALO,aston_martin,11,0
2025_7,2025,7,imola,HUL,sauber,12,0
2025_7,2025,7,imola,GAS,alpine,13,0
2025_7,2025,7,imola,LAW,rb,14,0
2025_7,2025,7,imola,STR,aston_martin,15,0
2025_7,2025,7,imola,COL,alpine,16,0
2025_7,2025,7,imola,BEA,haas,17,0
2025_7,2025,7,imola,BOR,sauber,18,0
2025_7,2025,7,imola,ANT,mercedes,19,0
2025_7,2025,7,imola,OCO,haas,20,0
2025_8,2025,8,monaco,NOR,mclaren,1,25
2025_8,2025,8,monaco,LEC,ferrari,2,18
2025_8,2025,8,monaco,PIA,mclaren,3,15
2025_8,2025,8,monaco,VER,red_bull,4,12
2025_8,2025,8,monaco,HAM,ferrari,5,10
2025_8,2025,8,monaco,HAD,rb,6,8
2025_8,2025,8,monaco,OCO,haas,7,6
2025_8,2025,8,monaco,LAW,rb,8,4
2025_8,2025,8,monaco,ALB,williams,9,2
2025_8,2025,8,monaco,SAI,williams,10,1
2025_8,2025,8,monaco,RUS,mercedes,11,0
2025_8,2025,8,monaco,BEA,haas,12,0
2025_8,2025,8,monaco,COL,alpine,13,0
2025_8,2025,8,monaco,BOR,sauber,14,0
2025_8,2025,8,monaco,STR,aston_martin,15,0
2025_8,2025,8,monaco,HUL,sauber,16,0
2025_8,2025,8,monaco,TSU,red_bull,17,0
2025_8,2025,8,monaco,ANT,mercedes,18,0
2025_8,2025,8,monaco,ALO,aston_martin,19,0
2025_8,2025,8,monaco,GAS,alpine,20,0
2025_9,2025,9,catalunya,PIA,mclaren,1,25
2025_9,2025,9,catalunya,NOR,mclaren,2,18
2025_9,2025,9,catalunya,LEC,ferrari,3,15
2025_9,2025,9,catalunya,RUS,mercedes,4,12
2025_9,2025,9,catalunya,HUL,sauber,5,10
2025_9,2025,9,catalunya,HAM,ferrari,6,8
2025_9,2025,9,catalunya,HAD,rb,7,6
2025_9,2025,9,catalunya,GAS,alpine,8,4
2025_9,2025,9,catalunya,ALO,aston_martin,9,2
2025_9,2025,9,catalunya,VER,red_bull,10,1
2025_9,2025,9,catalunya,LAW,rb,11,0
2025_9,2025,9,catalunya,BOR,sauber,12,0
2025_9,2025,9,catalunya,TSU,red_bull,13,0
2025_9,2025,9,catalunya,SAI,williams,14,0
2025_9,2025,9,catalunya,COL,alpine,15,0
2025_9,2025,9,catalunya,OCO,haas,16,0
2025_9,2025,9,catalunya,BEA,haas,17,0
2025_9,2025,9,catalunya,ANT,mercedes,18,0
2025_9,2025,9,catalunya,ALB,williams,19,0
2025_10,2025,10,villeneuve,RUS,mercedes,1,25
2025_10,2025,10,villeneuve,VER,red_bull,2,18
2025_10,2025,10,villeneuve,ANT,mercedes,3,15
2025_10,2025,10,villeneuve,PIA,mclaren,4,12
2025_10,2025,10,villeneuve,LEC,ferrari,5,10
2025_10,2025,10,villeneuve,HAM,ferrari,6,8
2025_10,2025,10,villeneuve,ALO,aston_martin,7,6
2025_10,2025,10,villeneuve,HUL,sauber,8,4
2025_10,2025,10,villeneuve,OCO,haas,9,2
2025_10,2025,10,villeneuve,SAI,williams,10,1
2025_10,2025,10,villeneuve,BEA,haas,11,0
2025_10,2025,10,villeneuve,TSU,red_bull,12,0
2025_10,2025,10,villeneuve,COL,alpine,13,0
2025_10,2025,10,villeneuve,BOR,sauber,14,0
2025_10,2025,10,villeneuve,GAS,alpine,15,0
2025_10,2025,10,villeneuve,HAD,rb,16,0
2025_10,2025,10,villeneuve,STR,aston_martin,17,0
2025_10,2025,10,villeneuve,NOR,mclaren,18,0
2025_10,2025,10,villeneuve,LAW,rb,19,0
2025_10,2025,10,villeneuve,ALB,williams,20,0
2025_11,2025,11,red_bull_ring,NOR,mclaren,1,25
2025_11,2025,11,red_bull_ring,PIA,mclaren,2,18
2025_11,2025,11,red_bull_ring,LEC,ferrari,3,15
2025_11,2025,11,red_bull_ring,HAM,ferrari,4,12
2025_11,2025,11,red_bull_ring,RUS,mercedes,5,10
2025_11,2025,11,red_bull_ring,LAW,rb,6,8
2025_11,2025,11,red_bull_ring,ALO,aston_martin,7,6
2025_11,2025,11,red_bull_ring,BOR,sauber,8,4
2025_11,2025,11,red_bull_ring,HUL,sauber,9,2
2025_11,2025,11,red_bull_ring,OCO,haas,10,1
2025_11,2025,11,red_bull_ring,BEA,haas,11,0
2025_11,2025,11,red_bull_ring,HAD,rb,12,0
2025_11,2025,11,red_bull_ring,GAS,alpine,13,0
2025_11,2025,11,red_bull_ring,STR,aston_martin,14,0
2025_11,2025,11,red_bull_ring,COL,alpine,15,0
2025_11,2025,11,red_bull_ring,TSU,red_bull,16,0
2025_11,2025,11,red_bull_ring,ALB,williams,17,0
2025_11,2025,11,red_bull_ring,VER,red_bull,18,0
2025_11,2025,11,red_bull_ring,ANT,mercedes,19,0
2025_11,2025,11,red_bull_ring,SAI,williams,20,0
2025_12,2025,12,silverstone,NOR,mclaren,1,25
2025_12,2025,12,silverstone,PIA,mclaren,2,18
2025_12,2025,12,silverstone,HUL,sauber,3,15
2025_12,2025,12,silverstone,HAM,ferrari,4,12
2025_12,2025,12,silverstone,VER,red_bull,5,10
2025_12,2025,12,silverstone,GAS,alpine,6,8
2025_12,2025,12,silverstone,STR,aston_martin,7,6
2025_12,2025,12,silverstone,ALB,williams,8,4
2025_12,2025,12,silverstone,ALO,aston_martin,9,2
2025_12,2025,12,silverstone,RUS,mercedes,10,1
2025_12,2025,12,silverstone,BEA,haas,11,0
2025_12,2025,12,silverstone,SAI,williams,12,0
2025_12,2025,12,silverstone,OCO,haas,13,0
2025_12,2025,12,silverstone,LEC,ferrari,14,0
2025_12,2025,12,silverstone,TSU,red_bull,15,0
2025_12,2025,12,silverstone,ANT,mercedes,16,0
2025_12,2025,12,silverstone,HAD,rb,17,0
2025_12,2025,12,silverstone,BOR,sauber,18,0
2025_12,2025,12,silverstone,LAW,rb,19,0
2025_12,2025,12,silverstone,COL,alpine,20,0
2025_13,2025,13,spa,PIA,mclaren,1,25
2025_13,2025,13,spa,NOR,mclaren,2,18
2025_13,2025,13,spa,LEC,ferrari,3,15
2025_13,2025,13,spa,VER,red_bull,4,12
2025_13,2025,13,spa,RUS,mercedes,5,10
2025_13,2025,13,spa,ALB,williams,6,8
2025_13,2025,13,spa,HAM,ferrari,7,6
2025_13,2025,13,spa,LAW,rb,8,4
2025_13,2025,13,spa,BOR,sauber,9,2
2025_13,2025,13,spa,GAS,alpine,10,1
2025_13,2025,13,spa,BEA,haas,11,0
2025_13,2025,13,spa,HUL,sauber,12,0
2025_13,2025,13,spa,TSU,red_bull,13,0
2025_13,2025,13,spa,STR,aston_martin,14,0
2025_13,2025,13,spa,OCO,haas,15,0
2025_13,2025,13,spa,ANT,mercedes,16,0
2025_13,2025,13,spa,ALO,aston_martin,17,0
2025_13,2025,13,spa,SAI,williams,18,0
2025_13,2025,13,spa,COL,alpine,19,0
2025_13,2025,13,spa,HAD,rb,20,0
2025_14,2025,14,hungaroring,NOR,mclaren,1,25
2025_14,2025,14,hungaroring,PIA,mclaren,2,18
2025_14,2025,14,hungaroring,RUS,mercedes,3,15
2025_14,2025,14,hungaroring,LEC,ferrari,4,12
2025_14,2025,14,hungaroring,ALO,aston_martin,5,10
2025_14,2025,14,hungaroring,BOR,sauber,6,8
2025_14,2025,14,hungaroring,STR,aston_martin,7,6
2025_14,2025,14,hungaroring,LAW,rb,8,4
2025_14,2025,14,hungaroring,VER,red_bull,9,2
2025_14,2025,14,hungaroring,ANT,mercedes,10,1
2025_14,2025,14,hungaroring,HAD,rb,11,0
2025_14,2025,14,hungaroring,HAM,ferrari,12,0
2025_14,2025,14,hungaroring,HUL,sauber,13,0
2025_14,2025,14,hungaroring,SAI,williams,14,0
2025_14,2025,14,hungaroring,ALB,williams,15,0
2025_14,2025,14,hungaroring,OCO,haas,16,0
2025_14,2025,14,hungaroring,TSU,red_bull,17,0
2025_14,2025,14,hungaroring,COL,alpine,18,0
2025_14,2025,14,hungaroring,GAS,alpine,19,0
2025_14,2025,14,hungaroring,BEA,haas,20,0
2025_15,2025,15,zandvoort,PIA,mclaren,1,25
2025_15,2025,15,zandvoort,VER,red_bull,2,18
2025_15,2025,15,zandvoort,HAD,rb,3,15
2025_15,2025,15,zandvoort,RUS,mercedes,4,12
2025_15,2025,15,zandvoort,ALB,williams,5,10
2025_15,2025,15,zandvoort,BEA,haas,6,8
2025_15,2025,15,zandvoort,STR,aston_martin,7,6
2025_15,2025,15,zandvoort,ALO,aston_martin,8,4
2025_15,2025,15,zandvoort,TSU,red_bull,9,2
2025_15,2025,15,zandvoort,OCO,haas,10,1
2025_15,2025,15,zandvoort,COL,alpine,11,0
2025_15,2025,15,zandvoort,LAW,rb,12,0
2025_15,2025,15,zandvoort,SAI,williams,13,0
2025_15,2025,15,zandvoort,HUL,sauber,14,0
2025_15,2025,15,zandvoort,BOR,sauber,15,0
2025_15,2025,15,zandvoort,ANT,mercedes,16,0
2025_15,2025,15,zandvoort,GAS,alpine,17,0
2025_15,2025,15,zandvoort,NOR,mclaren,18,0
2025_15,2025,15,zandvoort,LEC,ferrari,19,0
2025_15,2025,15,zandvoort,HAM,ferrari,20,0
2025_16,2025,16,monza,VER,red_bull,1,25
2025_16,2025,16,monza,NOR,mclaren,2,18
2025_16,2025,16,monza,PIA,mclaren,3,15
2025_16,2025,16,monza,LEC,ferrari,4,12
2025_16,2025,16,monza,RUS,mercedes,5,10
2025_16,2025,16,monza,HAM,ferrari,6,8
2025_16,2025,16,monza,ALB,williams,7,6
2025_16,2025,16,monza,BOR,sauber,8,4
2025_16,2025,16,monza,ANT,mercedes,9,2
2025_16,2025,16,monza,HAD,rb,10,1
2025_16,2025,16,monza,SAI,williams,11,0
2025_16,2025,16,monza,BEA,haas,12,0
2025_16,2025,16,monza,TSU,red_bull,13,0
2025_16,2025,16,monza,LAW,rb,14,0
2025_16,2025,16,monza,OCO,haas,15,0
2025_16,2025,16,monza,GAS,alpine,16,0
2025_16,2025,16,monza,COL,alpine,17,0
2025_16,2025,16,monza,STR,aston_martin,18,0
2025_16,2025,16,monza,ALO,aston_martin,19,0
2025_16,2025,16,monza,HUL,sauber,20,0
2025_17,2025,17,baku,VER,red_bull,1,25
2025_17,2025,17,baku,RUS,mercedes,2,18
2025_17,2025,17,baku,SAI,williams,3,15
2025_17,2025,17,baku,ANT,mercedes,4,12
2025_17,2025,17,baku,LAW,rb,5,10
2025_17,2025,17,baku,TSU,red_bull,6,8
2025_17,2025,17,baku,NOR,mclaren,7,6
2025_17,2025,17,baku,HAM,ferrari,8,4
2025_17,2025,17,baku,LEC,ferrari,9,2
2025_17,2025,17,baku,HAD,rb,10,1
2025_17,2025,17,baku,BOR,sauber,11,0
2025_17,2025,17,baku,BEA,haas,12,0
2025_17,2025,17,baku,ALB,williams,13,0
2025_17,2025,17,baku,OCO,haas,14,0
2025_17,2025,17,baku,ALO,aston_martin,15,0
2025_17,2025,17,baku,HUL,sauber,16,0
2025_17,2025,17,baku,STR,aston_martin,17,0
2025_17,2025,17,baku,GAS,alpine,18,0
2025_17,2025,17,baku,COL,alpine,19,0
2025_17,2025,17,baku,PIA,mclaren,20,0
2025_18,2025,18,marina_bay,RUS,mercedes,1,25
2025_18,2025,18,marina_bay,VER,red_bull,2,18
2025_18,2025,18,marina_bay,NOR,mclaren,3,15
2025_18,2025,18,marina_bay,PIA,mclaren,4,12
2025_18,2025,18,marina_bay,ANT,mercedes,5,10
2025_18,2025,18,marina_bay,LEC,ferrari,6,8
2025_18,2025,18,marina_bay,ALO,aston_martin,7,6
2025_18,2025,18,marina_bay,HAM,ferrari,8,4
2025_18,2025,18,marina_bay,BEA,haas,9,2
2025_18,2025,18,marina_bay,SAI,williams,10,1
2025_18,2025,18,marina_bay,HAD,rb,11,0
2025_18,2025,18,marina_bay,TSU,red_bull,12,0
2025_18,2025,18,marina_bay,STR,aston_martin,13,0
2025_18,2025,18,marina_bay,ALB,williams,14,0
2025_18,2025,18,marina_bay,LAW,rb,15,0
2025_18,2025,18,marina_bay,COL,alpine,16,0
2025_18,2025,18,marina_bay,BOR,sauber,17,0
2025_18,2025,18,marina_bay,OCO,haas,18,0
2025_18,2025,18,marina_bay,GAS,alpine,19,0
2025_18,2025,18,marina_bay,HUL,sauber,20,0
2025_19,2025,19,americas,VER,red_bull,1,25
2025_19,2025,19,americas,NOR,mclaren,2,18
2025_19,2025,19,americas,LEC,ferrari,3,15
2025_19,2025,19,americas,HAM,ferrari,4,12
2025_19,2025,19,americas,PIA,mclaren,5,10
2025_19,2025,19,americas,RUS,mercedes,6,8
2025_19,2025,19,americas,TSU,red_bull,7,6
2025_19,2025,19,americas,HUL,sauber,8,4
2025_19,2025,19,americas,BEA,haas,9,2
2025_19,2025,19,americas,ALO,aston_martin,10,1
2025_19,2025,19,americas,LAW,rb,11,0
2025_19,2025,19,americas,STR,aston_martin,12,0
2025_19,2025,19,americas,ANT,mercedes,13,0
2025_19,2025,19,americas,ALB,williams,14,0
2025_19,2025,19,americas,OCO,haas,15,0
2025_19,2025,19,americas,HAD,rb,16,0
2025_19,2025,19,americas,COL,alpine,17,0
2025_19,2025,19,americas,BOR,sauber,18,0
2025_19,2025,19,americas,GAS,alpine,19,0
2025_19,2025,19,americas,SAI,williams,20,0
2025_20,2025,20,rodriguez,NOR,mclaren,1,25
2025_20,2025,20,rodriguez,LEC,ferrari,2,18
2025_20,2025,20,rodriguez,VER,red_bull,3,15
2025_20,2025,20,rodriguez,BEA,haas,4,12
2025_20,2025,20,rodriguez,PIA,mclaren,5,10
2025_20,2025,20,rodriguez,ANT,mercedes,6,8
2025_20,2025,20,rodriguez,RUS,mercedes,7,6
2025_20,2025,20,rodriguez,HAM,ferrari,8,4
2025_20,2025,20,rodriguez,OCO,haas,9,2
2025_20,2025,20,rodriguez,BOR,sauber,10,1
2025_20,2025,20,rodriguez,TSU,red_bull,11,0
2025_20,2025,20,rodriguez,ALB,williams,12,0
2025_20,2025,20,rodriguez,HAD,rb,13,0
2025_20,2025,20,rodriguez,STR,aston_martin,14,0
2025_20,2025,20,rodriguez,GAS,alpine,15,0
2025_20,2025,20,rodriguez,COL,alpine,16,0
2025_20,2025,20,rodriguez,SAI,williams,17,0
2025_20,2025,20,rodriguez,ALO,aston_martin,18,0
2025_20,2025,20,rodriguez,HUL,sauber,19,0
2025_20,2025,20,rodriguez,LAW,rb,20,0
2025_21,2025,21,interlagos,NOR,mclaren,1,25
2025_21,2025,21,interlagos,ANT,mercedes,2,18
2025_21,2025,21,interlagos,VER,red_bull,3,15
2025_21,2025,21,interlagos,RUS,mercedes,4,12
2025_21,2025,21,interlagos,PIA,mclaren,5,10
2025_21,2025,21,interlagos,BEA,haas,6,8
2025_21,2025,21,interlagos,LAW,rb,7,6
2025_21,2025,21,interlagos,HAD,rb,8,4
2025_21,2025,21,interlagos,HUL,sauber,9,2
2025_21,2025,21,interlagos,GAS,alpine,10,1
2025_21,2025,21,interlagos,ALB,williams,11,0
2025_21,2025,21,interlagos,OCO,haas,12,0
2025_21,2025,21,interlagos,SAI,williams,13,0
2025_21,2025,21,interlagos,ALO,aston_martin,14,0
2025_21,2025,21,interlagos,COL,alpine,15,0
2025_21,2025,21,interlagos,STR,aston_martin,16,0
2025_21,2025,21,interlagos,TSU,red_bull,17,0
2025_21,2025,21,interlagos,HAM,ferrari,18,0
2025_21,2025,21,interlagos,LEC,ferrari,19,0
2025_21,2025,21,interlagos,BOR,sauber,20,0
2025_22,2025,22,vegas,VER,red_bull,1,25
2025_22,2025,22,vegas,RUS,mercedes,2,18
2025_22,2025,22,vegas,ANT,mercedes,3,15
2025_22,2025,22,vegas,LEC,ferrari,4,12
2025_22,2025,22,vegas,SAI,williams,5,10
2025_22,2025,22,vegas,HAD,rb,6,8
2025_22,2025,22,vegas,HUL,sauber,7,6
2025_22,2025,22,vegas,HAM,ferrari,8,4
2025_22,2025,22,vegas,OCO,haas,9,2
2025_22,2025,22,vegas,BEA,haas,10,1
2025_22,2025,22,vegas,ALO,aston_martin,11,0
2025_22,2025,22,vegas,TSU,red_bull,12,0
2025_22,2025,22,vegas,GAS,alpine,13,0
2025_22,2025,22,vegas,LAW,rb,14,0
2025_22,2025,22,vegas,COL,alpine,15,0
2025_22,2025,22,vegas,ALB,williams,16,0
2025_22,2025,22,vegas,BOR,sauber,17,0
2025_22,2025,22,vegas,STR,aston_martin,18,0
2025_22,2025,22,vegas,NOR,mclaren,19,0
2025_22,2025,22,vegas,PIA,mclaren,20,0
2025_23,2025,23,losail,VER,red_bull,1,25
2025_23,2025,23,losail,PIA,mclaren,2,18
2025_23,2025,23,losail,SAI,williams,3,15
2025_23,2025,23,losail,NOR,mclaren,4,12
2025_23,2025,23,losail,ANT,mercedes,5,10
2025_23,2025,23,losail,RUS,mercedes,6,8
2025_23,2025,23,losail,ALO,aston_martin,7,6
2025_23,2025,23,losail,LEC,ferrari,8,4
2025_23,2025,23,losail,LAW,rb,9,2
2025_23,2025,23,losail,TSU,red_bull,10,1
2025_23,2025,23,losail,ALB,williams,11,0
2025_23,2025,23,losail,HAM,ferrari,12,0
2025_23,2025,23,losail,BOR,sauber,13,0
2025_23,2025,23,losail,COL,alpine,14,0
2025_23,2025,23,losail,OCO,haas,15,0
2025_23,2025,23,losail,GAS,alpine,16,0
2025_23,2025,23,losail,STR,aston_martin,17,0
2025_23,2025,23,losail,HAD,rb,18,0
2025_23,2025,23,losail,BEA,haas,19,0
2025_23,2025,23,losail,HUL,sauber,20,0
2025_24,2025,24,yas_marina,VER,red_bull,1,25
2025_24,2025,24,yas_marina,PIA,mclaren,2,18
2025_24,2025,24,yas_marina,NOR,mclaren,3,15
2025_24,2025,24,yas_marina,LEC,ferrari,4,12
2025_24,2025,24,yas_marina,RUS,mercedes,5,10
2025_24,2025,24,yas_marina,ALO,aston_martin,6,8
2025_24,2025,24,yas_marina,OCO,haas,7,6
2025_24,2025,24,yas_marina,HAM,ferrari,8,4
2025_24,2025,24,yas_marina,HUL,sauber,9,2
2025_24,2025,24,yas_marina,STR,aston_martin,10,1
2025_24,2025,24,yas_marina,BOR,sauber,11,0
2025_24,2025,24,yas_marina,BEA,haas,12,0
2025_24,2025,24,yas_marina,SAI,williams,13,0
2025_24,2025,24,yas_marina,TSU,red_bull,14,0
2025_24,2025,24,yas_marina,ANT,mercedes,15,0
2025_24,2025,24,yas_marina,ALB,williams,16,0
2025_24,2025,24,yas_marina,HAD,rb,17,0
2025_24,2025,24,yas_marina,LAW,rb,18,0
2025_24,2025,24,yas_marina,GAS,alpine,19,0
2025_24,2025,24,yas_marina,COL,alpine,20,0
2026_1,2026,1,albert_park,RUS,mercedes,1,25
2026_1,2026,1,albert_park,ANT,mercedes,2,18
2026_1,2026,1,albert_park,LEC,ferrari,3,15
2026_1,2026,1,albert_park,HAM,ferrari,4,12
2026_1,2026,1,albert_park,NOR,mclaren,5,10
2026_1,2026,1,albert_park,VER,red_bull,6,8
2026_1,2026,1,albert_park,BEA,haas,7,6
2026_1,2026,1,albert_park,LIN,rb,8,4
2026_1,2026,1,albert_park,BOR,audi,9,2
2026_1,2026,1,albert_park,GAS,alpine,10,1
2026_1,2026,1,albert_park,OCO,haas,11,0
2026_1,2026,1,albert_park,ALB,williams,12,0
2026_1,2026,1,albert_park,LAW,rb,13,0
2026_1,2026,1,albert_park,COL,alpine,14,0
2026_1,2026,1,albert_park,SAI,williams,15,0
2026_1,2026,1,albert_park,PER,cadillac,16,0
2026_1,2026,1,albert_park,STR,aston_martin,17,0
2026_1,2026,1,albert_park,ALO,aston_martin,18,0
2026_1,2026,1,albert_park,BOT,cadillac,19,0
2026_1,2026,1,albert_park,HAD,red_bull,20,0
2026_1,2026,1,albert_park,PIA,mclaren,21,0
2026_1,2026,1,albert_park,HUL,audi,22,0
2026_2,2026,2,shanghai,ANT,mercedes,1,25
2026_2,2026,2,shanghai,RUS,mercedes,2,18
2026_2,2026,2,shanghai,HAM,ferrari,3,15
2026_2,2026,2,shanghai,LEC,ferrari,4,12
2026_2,2026,2,shanghai,BEA,haas,5,10
2026_2,2026,2,shanghai,GAS,alpine,6,8
2026_2,2026,2,shanghai,LAW,rb,7,6
2026_2,2026,2,shanghai,HAD,red_bull,8,4
2026_2,2026,2,shanghai,SAI,williams,9,2
2026_2,2026,2,shanghai,COL,alpine,10,1
2026_2,2026,2,shanghai,HUL,audi,11,0
2026_2,2026,2,shanghai,LIN,rb,12,0
2026_2,2026,2,shanghai,BOT,cadillac,13,0
2026_2,2026,2,shanghai,OCO,haas,14,0
2026_2,2026,2,shanghai,PER,cadillac,15,0
2026_2,2026,2,shanghai,VER,red_bull,16,0
2026_2,2026,2,shanghai,ALO,aston_martin,17,0
2026_2,2026,2,shanghai,STR,aston_martin,18,0
2026_2,2026,2,shanghai,PIA,mclaren,19,0
2026_2,2026,2,shanghai,NOR,mclaren,20,0
2026_2,2026,2,shanghai,BOR,audi,21,0
2026_2,2026,2,shanghai,ALB,williams,22,0
2026_3,2026,3,suzuka,ANT,mercedes,1,25
2026_3,2026,3,suzuka,PIA,mclaren,2,18
2026_3,2026,3,suzuka,LEC,ferrari,3,15
2026_3,2026,3,suzuka,RUS,mercedes,4,12
2026_3,2026,3,suzuka,NOR,mclaren,5,10
2026_3,2026,3,suzuka,HAM,ferrari,6,8
2026_3,2026,3,suzuka,GAS,alpine,7,6
2026_3,2026,3,suzuka,VER,red_bull,8,4
2026_3,2026,3,suzuka,LAW,rb,9,2
2026_3,2026,3,suzuka,OCO,haas,10,1
2026_3,2026,3,suzuka,HUL,audi,11,0
2026_3,2026,3,suzuka,HAD,red_bull,12,0
2026_3,2026,3,suzuka,BOR,audi,13,0
2026_3,2026,3,suzuka,LIN,rb,14,0
2026_3,2026,3,suzuka,SAI,williams,15,0
2026_3,2026,3,suzuka,COL,alpine,16,0
2026_3,2026,3,suzuka,PER,cadillac,17,0
2026_3,2026,3,suzuka,ALO,aston_martin,18,0
2026_3,2026,3,suzuka,BOT,cadillac,19,0
2026_3,2026,3,suzuka,ALB,williams,20,0
2026_3,2026,3,suzuka,STR,aston_martin,21,0
2026_3,2026,3,suzuka,BEA,haas,22,0
2026_4,2026,4,miami,ANT,mercedes,1,25
2026_4,2026,4,miami,NOR,mclaren,2,18
2026_4,2026,4,miami,PIA,mclaren,3,15
2026_4,2026,4,miami,RUS,mercedes,4,12
2026_4,2026,4,miami,VER,red_bull,5,10
2026_4,2026,4,miami,HAM,ferrari,6,8
2026_4,2026,4,miami,COL,alpine,7,6
2026_4,2026,4,miami,LEC,ferrari,8,4
2026_4,2026,4,miami,SAI,williams,9,2
2026_4,2026,4,miami,ALB,williams,10,1
2026_4,2026,4,miami,BEA,haas,11,0
2026_4,2026,4,miami,BOR,audi,12,0
2026_4,2026,4,miami,OCO,haas,13,0
2026_4,2026,4,miami,LIN,rb,14,0
2026_4,2026,4,miami,ALO,aston_martin,15,0
2026_4,2026,4,miami,PER,cadillac,16,0
2026_4,2026,4,miami,STR,aston_martin,17,0
2026_4,2026,4,miami,BOT,cadillac,18,0
2026_4,2026,4,miami,HUL,audi,19,0
2026_4,2026,4,miami,LAW,rb,20,0
2026_4,2026,4,miami,GAS,alpine,21,0
2026_4,2026,4,miami,HAD,red_bull,22,0
2026_5,2026,5,villeneuve,ANT,mercedes,1,25
2026_5,2026,5,villeneuve,HAM,ferrari,2,18
2026_5,2026,5,villeneuve,VER,red_bull,3,15
2026_5,2026,5,villeneuve,LEC,ferrari,4,12
2026_5,2026,5,villeneuve,HAD,red_bull,5,10
2026_5,2026,5,villeneuve,COL,alpine,6,8
2026_5,2026,5,villeneuve,LAW,rb,7,6
2026_5,2026,5,villeneuve,GAS,alpine,8,4
2026_5,2026,5,villeneuve,SAI,williams,9,2
2026_5,2026,5,villeneuve,BEA,haas,10,1
2026_5,2026,5,villeneuve,PIA,mclaren,11,0
2026_5,2026,5,villeneuve,HUL,audi,12,0
2026_5,2026,5,villeneuve,BOR,audi,13,0
2026_5,2026,5,villeneuve,OCO,haas,14,0
2026_5,2026,5,villeneuve,STR,aston_martin,15,0
2026_5,2026,5,villeneuve,BOT,cadillac,16,0
2026_5,2026,5,villeneuve,PER,cadillac,17,0
2026_5,2026,5,villeneuve,NOR,mclaren,18,0
2026_5,2026,5,villeneuve,RUS,mercedes,19,0
2026_5,2026,5,villeneuve,ALO,aston_martin,20,0
2026_5,2026,5,villeneuve,ALB,williams,21,0
2026_5,2026,5,villeneuve,LIN,rb,22,0
2026_6,2026,6,monaco,ANT,mercedes,1,25
2026_6,2026,6,monaco,HAM,ferrari,2,18
2026_6,2026,6,monaco,HAD,red_bull,3,15
2026_6,2026,6,monaco,PIA,mclaren,4,12
2026_6,2026,6,monaco,LAW,rb,5,10
2026_6,2026,6,monaco,LIN,rb,6,8
2026_6,2026,6,monaco,GAS,alpine,7,6
2026_6,2026,6,monaco,ALB,williams,8,4
2026_6,2026,6,monaco,OCO,haas,9,2
2026_6,2026,6,monaco,ALO,aston_martin,10,1
2026_6,2026,6,monaco,BOR,audi,11,0
2026_6,2026,6,monaco,RUS,mercedes,12,0
2026_6,2026,6,monaco,HUL,audi,13,0
2026_6,2026,6,monaco,COL,alpine,14,0
2026_6,2026,6,monaco,PER,cadillac,15,0
2026_6,2026,6,monaco,SAI,williams,16,0
2026_6,2026,6,monaco,LEC,ferrari,17,0
2026_6,2026,6,monaco,STR,aston_martin,18,0
2026_6,2026,6,monaco,NOR,mclaren,19,0
2026_6,2026,6,monaco,BEA,haas,20,0
2026_6,2026,6,monaco,BOT,cadillac,21,0
2026_6,2026,6,monaco,VER,red_bull,22,0
2026_7,2026,7,catalunya,HAM,ferrari,1,25
2026_7,2026,7,catalunya,RUS,mercedes,2,18
2026_7,2026,7,catalunya,NOR,mclaren,3,15
2026_7,2026,7,catalunya,VER,red_bull,4,12
2026_7,2026,7,catalunya,PIA,mclaren,5,10
2026_7,2026,7,catalunya,HAD,red_bull,6,8
2026_7,2026,7,catalunya,GAS,alpine,7,6
2026_7,2026,7,catalunya,LAW,rb,8,4
2026_7,2026,7,catalunya,LIN,rb,9,2
2026_7,2026,7,catalunya,COL,alpine,10,1
2026_7,2026,7,catalunya,BOR,audi,11,0
2026_7,2026,7,catalunya,SAI,williams,12,0
2026_7,2026,7,catalunya,OCO,haas,13,0
2026_7,2026,7,catalunya,PER,cadillac,14,0
2026_7,2026,7,catalunya,LEC,ferrari,15,0
2026_7,2026,7,catalunya,ANT,mercedes,16,0
2026_7,2026,7,catalunya,BEA,haas,17,0
2026_7,2026,7,catalunya,ALB,williams,18,0
2026_7,2026,7,catalunya,ALO,aston_martin,19,0
2026_7,2026,7,catalunya,HUL,audi,20,0
2026_7,2026,7,catalunya,BOT,cadillac,21,0
2026_7,2026,7,catalunya,STR,aston_martin,22,0
2026_8,2026,8,red_bull_ring,RUS,mercedes,1,25
2026_8,2026,8,red_bull_ring,VER,red_bull,2,18
2026_8,2026,8,red_bull_ring,ANT,mercedes,3,15
2026_8,2026,8,red_bull_ring,PIA,mclaren,4,12
2026_8,2026,8,red_bull_ring,HAM,ferrari,5,10
2026_8,2026,8,red_bull_ring,HAD,red_bull,6,8
2026_8,2026,8,red_bull_ring,NOR,mclaren,7,6
2026_8,2026,8,red_bull_ring,LEC,ferrari,8,4
2026_8,2026,8,red_bull_ring,LAW,rb,9,2
2026_8,2026,8,red_bull_ring,LIN,rb,10,1
2026_8,2026,8,red_bull_ring,BOR,audi,11,0
2026_8,2026,8,red_bull_ring,HUL,audi,12,0
2026_8,2026,8,red_bull_ring,GAS,alpine,13,0
2026_8,2026,8,red_bull_ring,BEA,haas,14,0
2026_8,2026,8,red_bull_ring,COL,alpine,15,0
2026_8,2026,8,red_bull_ring,OCO,haas,16,0
2026_8,2026,8,red_bull_ring,ALB,williams,17,0
2026_8,2026,8,red_bull_ring,ALO,aston_martin,18,0
2026_8,2026,8,red_bull_ring,STR,aston_martin,19,0
2026_8,2026,8,red_bull_ring,SAI,williams,20,0
2026_8,2026,8,red_bull_ring,PER,cadillac,21,0
2026_8,2026,8,red_bull_ring,BOT,cadillac,22,0
2026_9,2026,9,silverstone,LEC,ferrari,1,25
2026_9,2026,9,silverstone,RUS,mercedes,2,18
2026_9,2026,9,silverstone,HAM,ferrari,3,15
2026_9,2026,9,silverstone,NOR,mclaren,4,12
2026_9,2026,9,silverstone,HAD,red_bull,5,10
2026_9,2026,9,silverstone,LAW,rb,6,8
2026_9,2026,9,silverstone,LIN,rb,7,6
2026_9,2026,9,silverstone,BOR,audi,8,4
2026_9,2026,9,silverstone,COL,alpine,9,2
2026_9,2026,9,silverstone,GAS,alpine,10,1
2026_9,2026,9,silverstone,PIA,mclaren,11,0
2026_9,2026,9,silverstone,BEA,haas,12,0
2026_9,2026,9,silverstone,OCO,haas,13,0
2026_9,2026,9,silverstone,PER,cadillac,14,0
2026_9,2026,9,silverstone,ANT,mercedes,15,0
2026_9,2026,9,silverstone,BOT,cadillac,16,0
2026_9,2026,9,silverstone,SAI,williams,17,0
2026_9,2026,9,silverstone,ALO,aston_martin,18,0
2026_9,2026,9,silverstone,STR,aston_martin,19,0
2026_9,2026,9,silverstone,VER,red_bull,20,0
2026_9,2026,9,silverstone,ALB,williams,21,0
2026_9,2026,9,silverstone,HUL,audi,22,0
2026_10,2026,10,spa,ANT,mercedes,1,25
2026_10,2026,10,spa,LEC,ferrari,2,18
2026_10,2026,10,spa,VER,red_bull,3,15
2026_10,2026,10,spa,HAM,ferrari,4,12
2026_10,2026,10,spa,PIA,mclaren,5,10
2026_10,2026,10,spa,HAD,red_bull,6,8
2026_10,2026,10,spa,NOR,mclaren,7,6
2026_10,2026,10,spa,BOR,audi,8,4
2026_10,2026,10,spa,LIN,rb,9,2
2026_10,2026,10,spa,COL,alpine,10,1
2026_10,2026,10,spa,GAS,alpine,11,0
2026_10,2026,10,spa,LAW,rb,12,0
2026_10,2026,10,spa,HUL,audi,13,0
2026_10,2026,10,spa,BEA,haas,14,0
2026_10,2026,10,spa,ALB,williams,15,0
2026_10,2026,10,spa,SAI,williams,16,0
2026_10,2026,10,spa,OCO,haas,17,0
2026_10,2026,10,spa,BOT,cadillac,18,0
2026_10,2026,10,spa,ALO,aston_martin,19,0
2026_10,2026,10,spa,STR,aston_martin,20,0
2026_10,2026,10,spa,PER,cadillac,21,0
2026_10,2026,10,spa,RUS,mercedes,22,0
2026_11,2026,11,hungaroring,NOR,mclaren,1,25
2026_11,2026,11,hungaroring,VER,red_bull,2,18
2026_11,2026,11,hungaroring,ANT,mercedes,3,15
2026_11,2026,11,hungaroring,LEC,ferrari,4,12
2026_11,2026,11,hungaroring,HAM,ferrari,5,10
2026_11,2026,11,hungaroring,HAD,red_bull,6,8
2026_11,2026,11,hungaroring,RUS,mercedes,7,6
2026_11,2026,11,hungaroring,LAW,rb,8,4
2026_11,2026,11,hungaroring,HUL,audi,9,2
2026_11,2026,11,hungaroring,LIN,rb,10,1
2026_11,2026,11,hungaroring,BOR,audi,11,0
2026_11,2026,11,hungaroring,GAS,alpine,12,0
2026_11,2026,11,hungaroring,STR,aston_martin,13,0
2026_11,2026,11,hungaroring,ALO,aston_martin,14,0
2026_11,2026,11,hungaroring,COL,alpine,15,0
2026_11,2026,11,hungaroring,OCO,haas,16,0
2026_11,2026,11,hungaroring,ALB,williams,17,0
2026_11,2026,11,hungaroring,SAI,williams,18,0
2026_11,2026,11,hungaroring,BEA,haas,19,0
2026_11,2026,11,hungaroring,PIA,mclaren,20,0
2026_11,2026,11,hungaroring,PER,cadillac,21,0
2026_11,2026,11,hungaroring,BOT,cadillac,22,0
2026_12,2026,12,zandvoort,NOR,mclaren,1,25
2026_12,2026,12,zandvoort,ANT,mercedes,2,18
2026_12,2026,12,zandvoort,RUS,mercedes,3,15
2026_12,2026,12,zandvoort,HAM,ferrari,4,12
2026_12,2026,12,zandvoort,LEC,ferrari,5,10
2026_12,2026,12,zandvoort,PIA,mclaren,6,8
2026_12,2026,12,zandvoort,LAW,red_bull,7,6
2026_12,2026,12,zandvoort,HUL,audi,8,4
2026_12,2026,12,zandvoort,ALO,aston_martin,9,2
2026_12,2026,12,zandvoort,GAS,alpine,10,1
2026_12,2026,12,zandvoort,TSU,rb,11,0
2026_12,2026,12,zandvoort,LIN,rb,12,0
2026_12,2026,12,zandvoort,BOR,audi,13,0
2026_12,2026,12,zandvoort,COL,alpine,14,0
2026_12,2026,12,zandvoort,PER,cadillac,15,0
2026_12,2026,12,zandvoort,SAI,williams,16,0
2026_12,2026,12,zandvoort,ALB,williams,17,0
2026_12,2026,12,zandvoort,BOT,cadillac,18,0
2026_12,2026,12,zandvoort,OCO,haas,19,0
2026_12,2026,12,zandvoort,STR,aston_martin,20,0
2026_12,2026,12,zandvoort,BEA,haas,21,0
2026_12,2026,12,zandvoort,VER,red_bull,22,0
2026_13,2026,13,monza,ANT,mercedes,1,25
2026_13,2026,13,monza,RUS,mercedes,2,18
2026_13,2026,13,monza,VER,red_bull,3,15
2026_13,2026,13,monza,NOR,mclaren,4,12
2026_13,2026,13,monza,PIA,mclaren,5,10
2026_13,2026,13,monza,HAM,ferrari,6,8
2026_13,2026,13,monza,GAS,alpine,7,6
2026_13,2026,13,monza,LIN,rb,8,4
2026_13,2026,13,monza,COL,alpine,9,2
2026_13,2026,13,monza,TSU,rb,10,1
2026_13,2026,13,monza,BOR,audi,11,0
2026_13,2026,13,monza,HUL,audi,12,0
2026_13,2026,13,monza,SAI,williams,13,0
2026_13,2026,13,monza,LAW,red_bull,14,0
2026_13,2026,13,monza,BEA,haas,15,0
2026_13,2026,13,monza,OCO,haas,16,0
2026_13,2026,13,monza,ALB,williams,17,0
2026_13,2026,13,monza,PER,cadillac,18,0
2026_13,2026,13,monza,BOT,cadillac,19,0
2026_13,2026,13,monza,STR,aston_martin,20,0
2026_13,2026,13,monza,ALO,aston_martin,21,0
2026_13,2026,13,monza,LEC,ferrari,22,0
